Date,RW2,sample,MQ,dilution ,ppm as NO2-N,NO3-N (ppm),ppm as NH4-N,ppm as PO4-P,,Nitrite ,Nitrate,Ammnoia,Phosphate,,total nitrogen ,,RW1,Date,RW3/1,sample,MQ,dilution ,ppm as NO2-N,NO3-N (ppm),ppm as NH4-N,ppm as PO4-P,,Nitrite ,Nitrate,Ammnoia,Phosphate,,total nitrogen ,,Days Since Start 
44012,HS21,0.2542,4.7784,19.79779701,0.729,0.082,0.0819,0.0975,,14.43259402,1.623419355,1.621439575,1.930285208,,17.67745295,,,44012,HS22,0.2521,4.7729,19.93256644,0.685,0.042,0.0435,0.0956,,13.65380801,0.837167791,0.86706664,1.905553352,,15.35804244,,0
44013,HS32,0.2549,4.7716,19.71949784,0.825,0.091,0.904,0.192,,16.26858572,1.794474304,17.82642605,3.786143586,,35.88948607,,,44013,HS33,0.254,4.7826,19.82913386,0.612,0.048,0.898,0.176,,12.13542992,0.951798425,17.8065622,3.489927559,,30.89379055,,1
44014,HS45,0.2509,4.7718,20.01873256,0.949,0.048,1.04,0.225,,18.9977772,0.960899163,20.81948187,4.504214827,,40.77815823,,,44014,HS46,0.2509,4.7814,20.05699482,0.545,0.068,1.17,0.214,,10.93106218,1.363875648,23.46668394,4.292196891,,35.76162176,,2
44015,HS58,0.2524,4.7793,19.93541997,1.16,0.01,0.998,0.247,,23.12508716,0.1993542,19.89554913,4.924048732,,43.21999049,,,44015,HS59,0.2525,4.7722,19.89980198,0.664,0.03,1.23,0.238,,13.21346851,0.596994059,24.47675644,4.736152871,,38.28721901,,3
44016,HS70,0.2518,4.7568,19.89118348,0.828,0.044,1.09,0.25,,16.46989992,0.875212073,21.68138999,4.97279587,,39.02650199,,,44016,HS71,0.2543,4.7555,19.70035391,0.828,0.044,1.09,0.25,,16.31189304,0.866815572,21.47338576,4.925088478,,38.65209438,,4
44017,HS82,0.2529,4.7625,19.83155397,1.5,0.01,0.825,0.267,,29.74733096,0.19831554,16.36103203,5.295024911,,46.30667853,,,44017,HS83,0.2508,4.7545,19.95733652,0.874,0.046,1.11,0.263,,17.44271212,0.91803748,22.15264354,5.248779506,,40.51339314,,5
44018,HS94,0.2558,4.7714,19.65285379,1.52,0.07,0.849,0.28,,29.87233776,1.375699765,16.68527287,5.502799062,,47.9333104,,,44018,HS95,0.252,4.7725,19.93849206,0.93,0.04,1.15,0.28,,18.54279762,0.797539683,22.92926587,5.582777778,,42.26960317,,6
44019,HS106,0.2532,4.7754,19.86018957,1.66,0.02,0.763,0.285,,32.96791469,0.397203791,15.15332464,5.660154028,,48.51844313,,,44019,HS107,0.2519,4.7634,19.90988487,1.08,0.05,1.05,0.286,,21.50267566,0.995494244,20.90537912,5.694227074,,43.40354903,,7
44020,HS118,0.2502,4.7699,20.06434852,1.76,0.02,0.683,0.289,,35.3132534,0.40128697,13.70395004,5.798596723,,49.41849041,,,44020,HS119,0.2543,4.7812,19.80141565,1.29,0.02,0.91,0.3,,25.54382619,0.396028313,18.01928824,5.940424695,,43.95914274,,8
44021,HS123,0.252,4.7789,19.96388889,1.98,0,0.564,0.278,,39.5285,0,11.25963333,5.549961111,,50.78813333,,,44021,HS125,0.251,4.7771,20.03227092,1.47,0.03,0.705,0.279,,29.44743825,0.600968127,14.122751,5.589003586,,44.17115737,,9
44022,HS130,0.2524,4.7784,19.9318542,1.97,0.06,0.52,0.286,,39.26575277,1.195911252,10.36456418,5.700510301,,50.82622821,,,44022,HS131,0.252,4.7812,19.97301587,1.67,0.07,0.58,0.28,,33.35493651,1.398111111,11.58434921,5.592444444,,46.33739683,,10
44023,HS136,0.2512,4.7575,19.93909236,2.03,0.07,0.33,0.284,,40.47635748,1.395736465,6.579900478,5.662702229,,48.45199443,,,44023,HS137,0.2516,4.7502,19.8799682,1.99,0.05,0.319,0.282,,39.56113672,0.99399841,6.341709857,5.606151033,,46.89684499,,11
44024,HS142,0.2532,4.753,19.77172196,2.34,0.1,0.317,0.301,,46.26582938,1.977172196,6.267635861,5.95128831,,54.51063744,,,44024,HS143,0.2565,4.7564,19.54346979,2.23,0.05,0.239,0.292,,43.58193762,0.977173489,4.670889279,5.706693177,,49.23000039,,12
44025,HS146,0.2516,4.774,19.9745628,2.31,0.07,0.346,0.293,,46.14124006,1.398219396,6.911198728,5.8525469,,54.45065819,,,44025,HS147,0.253,4.7753,19.87470356,2.19,0.05,0.27,0.285,,43.52560079,0.993735178,5.36616996,5.664290514,,49.88550593,,13
44026,HS151,0.2529,4.7778,19.89205219,2.24,0.07,0.519,0.307,,44.55819692,1.392443654,10.32397509,6.106860024,,56.27461566,,,44026,HS152,0.2508,4.7764,20.0446571,2.3,0.06,0.301,0.295,,46.10271132,1.202679426,6.033441786,5.913173844,,53.33883254,,14
44027,HS156,0.2513,4.7748,20.00039793,2.32,0.06,0.51,0.312,,46.4009232,1.200023876,10.20020294,6.240124154,,57.80115002,,,44027,HS157,0.2523,4.7863,19.97066984,2.4,0.05,0.357,0.31,,47.92960761,0.998533492,7.129529132,6.19090765,,56.05767023,,15
44028.29167,HS163,0.2543,4.7547,19.69720802,2.42,0.18,0.518,0.364,,47.66724341,3.545497444,10.20315376,7.16978372,,61.41589461,,,44028.29167,HS164,0.2516,4.7569,19.90659777,2.47,0.02,0.324,0.325,,49.1692965,0.398131955,6.449737679,6.469644277,,56.01716614,,16.29166661
44029.29167,HS170,0.2503,4.7749,20.07670795,2.57,0.07,0.418,0.327,,51.59713943,1.405369557,8.392063923,6.5650835,,61.39457291,,,44029.29167,HS171,0.2537,4.7761,19.82577848,2.61,0.1,0.358,0.336,,51.74528183,1.982577848,7.097628695,6.661461569,,60.82548837,,17.29166661
44030.29167,HS179,0.2579,4.7534,19.43117487,2.79,0.06,0.372,0.342,,54.2129779,1.165870492,7.228397053,6.645461807,,62.60724544,,,44030.29167,HS180,0.2613,4.7567,19.2039801,2.79,0.11,0.358,0.353,,53.57910448,2.112437811,6.875024876,6.779004975,,62.56656716,,18.29166661
44031.29167,HS188,0.2538,4.7538,19.73049645,2.83,0.15,0.232,0.326,,55.83730496,2.959574468,4.577475177,6.432141844,,63.37435461,,,44031.29167,HS189,0.2572,4.7549,19.48716952,2.85,0.05,0.211,0.334,,55.53843313,0.974358476,4.111792768,6.508714619,,60.62458437,,19.29166661
44032.29167,HS197,0.2511,4.7751,20.0167264,2.84,0.15,0.222,0.338,,56.84750299,3.002508961,4.443713262,6.765653524,,64.29372521,,,44032.29167,HS198,0.2506,4.7809,20.07781325,2.81,0.09,0.211,0.332,,56.41865523,1.807003192,4.236418595,6.665833998,,62.46207702,,20.29166667
44032.52083,HS203,0.2544,4.769,19.74606918,2.84,0.13,0.222,0.351,,56.07883648,2.566988994,4.383627358,6.930870283,,63.02945283,,,44032.52083,HS204,0.254,4.7771,19.80748031,2.87,0.09,0.209,0.341,,56.8474685,1.782673228,4.139763386,6.754350787,,62.76990512,,20.52083333
44033.29167,HS210,0.2513,4.7756,20.00358138,2.91,0.13,0.255,0.344,,58.21042181,2.600465579,5.100913251,6.881231994,,65.91180064,,,44033.29167,HS211,0.2524,4.7789,19.93383518,2.97,0.04,0.245,0.342,,59.20349049,0.797353407,4.88378962,6.817371632,,64.88463352,,21.29166667
44033.52083,HS216,0.2507,4.7777,20.05743917,2.92,0.13,0.244,0.346,,58.56772238,2.607467092,4.894015158,6.939873953,,66.06920463,,,44033.52083,HS217,0.2544,4.7777,19.7802673,2.97,0.07,0.241,0.346,,58.74739387,1.384618711,4.767044418,6.843972484,,64.899057,,21.52083333
44034.29167,HS223,0.2501,4.7806,20.1147541,2.94,0.16,0.299,0.37,,59.13737705,3.218360656,6.014311475,7.442459016,,68.37004918,,,44034.29167,HS225,0.2508,4.7789,20.0546252,3.1,0.1,0.264,0.372,,62.16933812,2.00546252,5.294421053,7.460320574,,69.46922169,,22.29166667
44034.52083,HS229,0.2595,4.7771,19.4088632,2.99,0.16,0.318,0.362,,58.03250096,3.105418112,6.172018497,7.026008478,,67.30993757,,,44034.52083,HS230,0.2546,4.7845,19.7922231,2.98,0.1,0.278,0.352,,58.98082482,1.97922231,5.50223802,6.966862529,,66.46228515,,22.52083333
44035.29167,HS236,0.2576,4.7519,19.44681677,2.87,0.36,0.409,0.378,,55.81236413,7.000854037,7.953748059,7.350896739,,70.76696623,,,44035.29167,HS237,0.256,4.7568,19.58125,2.89,0.27,0.403,0.371,,56.5898125,5.2869375,7.89124375,7.26464375,,69.76799375,,23.29166667
44035.52083,HS242,0.2569,4.7512,19.49435578,2.96,0.26,0.352,0.379,,57.70329311,5.068532503,6.862013235,7.388360841,,69.63383885,,,44035.52083,HS243,0.2546,4.757,19.68421053,2.88,0.3,0.312,0.372,,56.69052632,5.905263158,6.141473684,7.322526316,,68.73726316,,23.52083333
44036.29167,HS249,0.2517,4.7801,19.99125944,2.93,0.35,0.293,0.329,,58.57439015,6.996940803,5.857439015,6.577124354,,71.42876996,,SWITCH TO RW1,44036.29167,HS248,0.2508,4.7759,20.04266348,2.82,0.35,0.32,0.36,,56.520311,7.014932217,6.413652313,7.215358852,,69.94889553,,24.29166667
44036.52083,HS254,0.2513,4.771,19.98527656,2.36,0.79,0.288,0.355,,47.16525269,15.78836848,5.75575965,7.094773179,,68.70938082,,,44036.52083,HS253,0.2504,4.7759,20.07308307,2.78,0.4,0.333,0.354,,55.80317093,8.029233227,6.684336661,7.105871406,,70.51674081,,24.52083333
44037.29167,HS260,0.2579,4.7583,19.45017449,2.68,0.29,0.454,0.348,,52.12646762,5.640550601,8.830379217,6.768660721,,66.59739744,,,44037.29167,HS259,0.2558,4.7507,19.5719312,2.04,0.94,0.351,0.327,,39.92673964,18.39761532,6.86974785,6.400021501,,65.19410281,,25.29166667
44037.54167,HS266,0.2568,4.7535,19.51051402,2.54,0.42,0.429,0.343,,49.55670561,8.194415888,8.370010514,6.692106308,,66.12113201,,,44037.52083,HS265,0.2568,4.7561,19.52063863,1.9,1.02,0.346,0.34,,37.0892134,19.9110514,6.754140966,6.637017134,,63.75440576,,25.54166667
44038.29167,HS272,0.2541,4.7543,19.71035026,2.13,0.36,0.42,0.291,,41.98304604,7.095726092,8.278347107,5.735711924,,57.35711924,,,44038.29167,HS271,0.2604,4.7652,19.29953917,1.41,1.15,0.356,0.301,,27.21235023,22.19447005,6.870635945,5.80916129,,56.27745622,,26.29166667
44039.29167,HS283,0.2531,4.7751,19.86645595,2.09,0.4,0.443,0.293,,41.52089293,7.946582379,8.800839984,5.820871592,,58.26831529,,,44039.29167,HS282,0.2512,4.7755,20.01074841,0.989,1.491,0.417,0.294,,19.79063018,29.83602588,8.344482086,5.883160032,,57.97113814,,27.29166661
44039.52083,HS288,0.2511,4.7691,19.99283154,2.09,0.39,0.434,0.293,,41.78501792,7.797204301,8.676888889,5.857899642,,58.25911111,,,44039.52083,HS287,0.2565,4.7858,19.65808967,0.902,1.588,0.423,0.312,,17.73159688,31.21704639,8.31537193,6.133323977,,57.2640152,,27.52083333
44040.29167,HS294,0.2505,4.7743,20.05908184,2.09,0.33,0.496,0.294,,41.92348104,6.619497006,9.949304591,5.89737006,,58.49228263,,,44040.29167,HS293,0.2502,4.7761,20.0891287,0.637,1.833,0.476,0.309,,12.79677498,36.8233729,9.56242526,6.207540767,,59.18257314,,28.29166667
44040.52083,HS299,0.2512,4.7713,19.99402866,2.04,0.43,0.476,0.296,,40.78781847,8.597432325,9.517157643,5.918232484,,58.90240844,,,44040.52083,HS298,0.25,4.7768,20.1072,0.546,1.954,0.466,0.306,,10.9785312,39.2894688,9.3699552,6.1528032,,59.6379552,,28.52083333
44041.29167,HS305,0.2512,4.7747,20.00756369,2.1,0.46,0.508,0.295,,42.01588376,9.203479299,10.16384236,5.90223129,,61.38320541,,,44041.29167,HS304,0.2525,4.7745,19.90891089,0.419,2.171,0.484,0.314,,8.341833663,43.22224554,9.635912871,6.25139802,,61.19999208,,29.29166667
44041.52083,HS310,0.2531,4.77,19.84630581,2.1,0.45,0.491,0.318,,41.6772422,8.930837614,9.744536152,6.311125247,,60.35261596,,,44041.52083,HS309,0.2534,4.7714,19.82951855,0.319,2.211,0.477,0.322,,6.325616417,43.84306551,9.458680347,6.385104972,,59.62736227,,29.52083333
44042.29167,HS316,0.2554,4.7567,19.62451057,2.19,0.28,0.527,0.338,,42.97767815,5.49486296,10.34211707,6.633084573,,58.81465818,,,44042.29167,HS315,0.2553,4.7531,19.61770466,0.2,2.34,0.484,0.358,,3.923540932,45.90542891,9.494969056,7.023138269,,59.3239389,,30.29166667
44042.52083,HS321,0.256,4.7632,19.60625,2.21,0.25,0.489,0.341,,43.3298125,4.9015625,9.58745625,6.68573125,,57.81883125,,,44042.52083,HS320,0.2626,4.7627,19.13670982,0.154,2.496,0.457,0.372,,2.947053313,47.76522772,8.74547639,7.118856055,,59.45775743,,30.52083333
44043.29167,HS328,0.2537,4.7829,19.85258179,2.15,0.35,0.507,0.335,,42.68305085,6.948403626,10.06525897,6.650614899,,59.69671344,,,44043.29167,HS327,0.2555,4.7716,19.67553816,0.0672,2.5528,0.47,0.367,,1.322196164,50.22771382,9.247502935,7.220922505,,60.79741292,,31.29166667
44043.52083,HS331,0.2524,4.7791,19.93462758,2.13,0.43,0.483,0.336,,42.46075674,8.571889857,9.628425119,6.698034865,,60.66107171,,,44043.52083,HS330,0.253,4.771,19.85770751,0.0424,2.5476,0.451,0.361,,0.841966798,50.58949565,8.955826087,7.168632411,,60.38728854,,31.52083333
44044.27083,HS337,0.2503,4.753,19.98921294,2.1,0.47,0.527,0.339,,41.97734718,9.394930084,10.53431522,6.776343188,,61.90659249,,,44044.27083,HS336,0.2579,4.7526,19.4280729,0.0441,2.6659,0.489,0.373,,0.856778015,51.79329953,9.500327646,7.24667119,,62.1504052,,32.27083333
44044.52083,HS340,0.2576,4.7538,19.45419255,2.11,0.5,0.505,0.359,,41.04834627,9.727096273,9.824367236,6.984055124,,60.59980978,,,44044.52083,HS339,0.2576,4.7538,19.45419255,0.0402,2.6698,0.489,0.457,,0.78205854,51.93880326,9.513100155,8.890565994,,62.23396196,,32.52083333
44045.27083,HS346,0.2536,4.7572,19.75867508,2.01,0.64,0.544,0.364,,39.71493691,12.64555205,10.74871924,7.192157729,,63.1092082,,,44045.27083,HS345,0.2553,4.7655,19.66627497,0.0458,2.6342,0.497,0.394,,0.900715394,51.80490153,9.77413866,7.748512338,,62.47975558,,33.27083333
44045.52083,HS349,0.2531,4.7553,19.788226,1.99,0.65,0.507,0.372,,39.37856974,12.8623469,10.03263058,7.361220071,,62.27354721,,,44045.52083,HS348,0.2532,4.7583,19.79265403,0,2.7667,0.491,0.391,,0,54.7603359,9.718193128,7.738927725,,64.47852903,,33.52083333
44046.27083,HS355,0.256,4.7689,19.62851563,1.91,0.79,0.533,0.351,,37.49046484,15.50652734,10.46199883,6.889608984,,63.45899102,,,44046.27083,HS354,0.2531,4.7545,19.78506519,0.0377,2.7123,0.484,0.366,,0.745896958,53.66303232,9.575971553,7.24133386,,63.98490083,,34.27083333
44046.52083,HS358,0.2549,4.7553,19.6555512,1.95,0.79,0.502,0.353,,38.32832483,15.52788545,9.867086701,6.938409572,,63.72329698,,,44046.52083,HS357,0.2548,4.7664,19.70643642,0.0324,2.7976,0.489,0.366,,0.63848854,55.13072653,9.63644741,7.21255573,,65.40566248,,34.52083333
44047.27083,HS364,0.2537,4.7549,19.74221521,1.76,0.98,0.519,0.347,,34.74629878,19.34737091,10.2462097,6.85054868,,64.33987939,,,44047.27083,HS363,0.2541,4.756,19.71704054,0.0461,2.7439,0.492,0.369,,0.908955569,54.10158752,9.700783943,7.275587957,,64.71132704,,35.27083333
44047.52083,HS368,0.2502,4.7621,20.03317346,1.68,0.97,0.665,0.342,,33.65573141,19.43217826,13.32206035,6.851345324,,66.40997002,,,44047.52083,HS367,0.2524,4.7538,19.83438986,0.0289,2.7911,0.494,0.363,,0.573213867,55.35976553,9.79818859,7.199883518,,65.73116799,,35.52083333
44048.27083,HS374,0.253,4.7549,19.79407115,1.55,1.16,0.498,0.337,,30.68081028,22.96112253,9.857447431,6.670601976,,63.49938024,,,44048.27083,HS373,0.256,4.7586,19.58828125,0.0415,2.8585,0.554,0.405,,0.812913672,55.99310195,10.85190781,7.933253906,,67.65792344,,36.27083333
44048.52083,HS377,0.258,4.7503,19.4120155,1.51,1.25,0.517,0.351,,29.31214341,24.26501938,10.03601202,6.813617442,,63.61317481,,,44048.52083,HS376,0.2501,4.754,20.00839664,0.0373,2.6927,0.512,0.36,,0.746313195,53.87660964,10.24429908,7.203022791,,64.86722191,,36.52083333
44049.27083,HS383,0.2555,4.7549,19.61017613,1.3,1.53,0.459,0.303,,25.49322896,30.00356947,9.001070841,5.941883366,,64.49786928,,,44049.27083,HS382,0.2528,4.7508,19.79272152,0.0252,2.8748,0.48,0.323,,0.498776582,56.90011582,9.500506329,6.393049051,,66.89939873,,37.27083333
44049.52083,HS386,0.2538,4.7544,19.73286052,1.23,1.64,0.432,0.306,,24.27141844,32.36189125,8.524595745,6.038255319,,65.15790544,,,44049.52083,HS385,0.2525,4.7576,19.8419802,0.0379,2.8421,0.485,0.323,,0.75201105,56.39289192,9.623360396,6.408959604,,66.76826337,,37.52083333
44050.27083,HS392,0.2557,4.7599,19.61517403,1.06,1.82,0.426,0.302,,20.79208447,35.69961674,8.356064138,5.923782558,,64.84776535,,,44050.27083,HS381,0.2549,4.7513,19.63985877,0.0577,2.9023,0.468,0.325,,1.133219851,57.0007621,9.191453903,6.3829541,,67.32543586,,38.27083333
44050.52083,HS395,0.2541,4.7586,19.72727273,0.925,1.925,0.4,0.307,,18.24772727,37.975,7.890909091,6.056272727,,64.11363636,,,44050.52083,HS394,0.2575,4.7543,19.46330097,0.0524,2.9276,0.458,0.325,,1.019876971,56.98075992,8.914191845,6.325572816,,66.91482874,,38.52083333
44051.27083,HS401,0.2521,4.7526,19.85204284,0.634,2.036,0.382,0.292,,12.58619516,40.41875922,7.583480365,5.796796509,,60.58843475,,,44051.27083,HS400,0.2504,4.7534,19.98322684,0.0361,2.7839,0.405,0.31,,0.721394489,55.63130519,8.093206869,6.194800319,,64.44590655,,39.27083333
44051.52083,HS404,0.2522,4.7525,19.84417129,0.484,2.216,0.365,0.295,,9.604578906,43.97468358,7.243122522,5.854030531,,60.82238501,,,44051.52083,HS403,0.2505,4.7586,19.99640719,0.0147,2.7353,0.415,0.301,,0.293947186,54.69617257,8.298508982,6.018918563,,63.28862874,,39.52083333
44052.27083,HS410,0.251,4.7532,19.93705179,0.259,2.511,0.38,0.285,,5.163696414,50.06193705,7.576079681,5.682059761,,62.80171315,,,44052.27083,HS409,0.252,4.7574,19.87857143,0.0266,2.8234,0.435,0.311,,0.52877,56.12515857,8.647178571,6.182235714,,65.30110714,,40.27083333
44052.52083,HS413,0.2528,4.7547,19.80814873,0.195,2.575,0.413,0.297,,3.862589003,51.00598299,8.180765427,5.883020174,,63.04933742,,,44052.52083,HS412,0.253,4.7532,19.78735178,0.0177,2.8423,0.466,0.313,,0.350236126,56.24158996,9.220905929,6.193441107,,65.81273202,,40.52083333
44053.27083,HS419,0.251,4.7565,19.9501992,0.0757,2.6843,0.444,0.317,,1.51023008,53.55231972,8.857888446,6.324213147,,63.92043825,,,44053.27083,HS418,0.2523,4.7585,19.86048355,0.0375,2.8125,0.499,0.315,,0.744768133,55.85760999,9.910381292,6.256052319,,66.51275941,,41.27083333
44053.52083,HS422,0.2507,4.7527,19.95771839,0.0608,2.7092,0.399,0.303,,1.213429278,54.06945066,7.963129637,6.047188672,,63.24600957,,,44053.52083,HS421,0.2636,4.7552,19.03945372,0.000848,2.939152,0.545,0.336,,0.016145457,55.95984847,10.37650228,6.397256449,,66.35249621,,41.52083333
44054.27083,HS428,0.2532,4.7564,19.78515008,0.062,2.748,0.408,0.302,,1.226679305,54.36959242,8.072341232,5.975115324,,63.66861295,,,44054.27083,HS427,0.251,4.7566,19.95059761,0.0609,2.7691,0.506,0.324,,1.214991394,55.24519984,10.09500239,6.463993625,,66.55519363,,42.27083333
44055.27083,HS434,0.2619,4.7533,19.14929362,0.0603,2.8997,0.34,0.298,,1.154702405,55.52720672,6.510759832,5.7064895,,63.19266896,,,44055.27083,HS433,0.2516,4.7574,19.90858506,0.11,2.81,0.419,0.314,,2.189944356,55.94312401,8.341697138,6.251295707,,66.4747655,,43.27083333
44056.27083,HS441,0.2513,4.7532,19.91444489,0.0609,2.8691,0.328,0.289,,1.212789694,57.13653382,6.531937923,5.755274572,,64.88126144,,,44056.27083,HS440,0.2578,4.7576,19.45461598,0.119,2.941,0.409,0.325,,2.315099302,57.2160256,7.956937936,6.322750194,,67.48806284,,44.27083333
44057.27083,HS448,0.2505,4.754,19.97804391,0.0631,2.7969,0.326,0.287,,1.260614571,55.87659102,6.512842315,5.733698603,,63.6500479,,,44057.27083,HS447,0.252,4.7553,19.8702381,0.106,2.894,0.404,0.312,,2.106245238,57.50446905,8.02757619,6.199514286,,67.63829048,,45.27083333
44058.27083,HS456,0.2586,4.7534,19.38128384,0.0563,2.8337,0.345,0.288,,1.09116628,54.92074401,6.686542923,5.581809745,,62.69845321,,,44058.27083,HS455,0.2541,4.7506,19.69578906,0.0933,2.8767,0.415,0.318,,1.837617119,56.65887639,8.17375246,6.263260921,,66.67024597,,46.27083333
44059.27083,HS463,0.2599,4.7581,19.30742593,0.0502,2.9398,0.397,0.292,,0.969232782,56.75997076,7.665048095,5.637768372,,65.39425164,,,44059.27083,HS462,0.2515,4.7561,19.91093439,0.074,2.806,0.462,0.313,,1.473409145,55.87008191,9.19885169,6.232122465,,66.54234274,,47.27083333
44060.27083,HS470,0.2513,4.7766,20.00756068,0.051,2.809,0.436,0.291,,1.020385595,56.20123796,8.723296458,5.822200159,,65.94492002,,,44060.27083,HS469,0.2513,4.7803,20.02228412,0.0885,2.8115,0.507,0.319,,1.771972145,56.29265181,10.15129805,6.387108635,,68.21592201,,48.27083333
44061.27083,HS477,0.2635,4.7559,19.04895636,0.106,2.964,0.44,0.307,,2.019189374,56.46110664,8.381540797,5.848029602,,66.86183681,,,44061.27083,HS476,0.2532,4.7644,19.81674566,0.143,2.777,0.49,0.323,,2.833794629,55.03110269,9.710205371,6.400808847,,67.57510269,,49.27083333
44062.27083,HS484,0.2523,4.7791,19.94213238,0.135,2.815,0.428,0.295,,2.692187872,56.13710266,8.53523266,5.882929053,,67.36452319,,,44062.27083,HS483,0.2514,4.7774,20.00318218,0.179,2.751,0.497,0.32,,3.58056961,55.02875418,9.941581543,6.401018298,,68.55090533,,50.27083333
44063.27083,HS491,0.2511,4.752,19.92473118,0.0998,2.9302,0.462,0.292,,1.988488172,58.38344731,9.205225806,5.818021505,,69.57716129,,,44063.27083,HS490,0.2609,4.7578,19.23610579,0.183,2.947,0.527,0.331,,3.520207359,56.68880376,10.13742775,6.367151016,,70.34643887,,51.27083333
44064.27083,HS498,0.2517,4.7791,19.98728645,0.0643,2.9757,0.48,0.298,,1.285182519,59.4761683,9.593897497,5.956211363,,70.35524831,,,44064.27083,HS497,0.258,4.7781,19.51976744,0.16,2.9,0.545,0.326,,3.123162791,56.60732558,10.63827326,6.363444186,,70.36876163,,52.27083333
44065.27083,HS505,0.2538,4.758,19.74704492,0.0818,3.0582,0.69,0.387,,1.615308274,60.39041277,13.62546099,7.642106383,,75.63118203,,,44065.27083,HS504,0.2616,4.7535,19.17087156,0.172,2.948,0.576,0.334,,3.297389908,56.51572936,11.04242202,6.403071101,,70.85554128,,53.27083333
44066.35417,HS513,0.2545,4.7851,19.80196464,0.0643,3.0557,0.599,0.323,,1.273266326,60.50886334,11.86137682,6.396034578,,73.64350648,,,44066.35417,HS512,0.2524,4.7689,19.89421553,0.142,2.818,0.671,0.337,,2.824978605,56.06189937,13.34901862,6.704350634,,72.23589659,,54.35416667
44067.29167,HS520,0.2518,4.7752,19.96425735,0.0717,2.9583,0.671,0.329,,1.431437252,59.06026251,13.39601668,6.568240667,,73.88771644,,,44067.29167,HS519,0.2515,4.7751,19.98648111,0.143,2.667,0.756,0.34,,2.858066799,53.30394513,15.10977972,6.795403579,,71.27179165,,55.29166667
44068.29167,HS528,0.2502,4.7674,20.05435651,0.107,3.013,0.734,0.355,,2.145816147,60.42377618,14.71989768,7.119296563,,77.28949001,,,44068.29167,HS527,0.2516,4.7745,19.97655008,0.19,2.54,0.802,0.349,,3.795544515,50.7404372,16.02119316,6.971815978,,70.55717488,,56.29166661
44069.29167,HS535,0.2599,4.7712,19.35782993,0.139,3.131,0.778,0.367,,2.690738361,60.60936553,15.06039169,7.104323586,,78.36049558,,,44069.29167,HS534,0.2505,4.7683,20.03512974,0.22,2.57,0.843,0.359,,4.407728543,51.49028343,16.88961437,7.192611577,,72.78762635,,57.29166661
44070.29167,HS542,0.2552,4.7586,19.64655172,0.16,3.27,0.79,0.379,,3.143448276,64.24422414,15.52077586,7.446043103,,82.90844828,,,44070.29167,HS541,0.2594,4.7558,19.33384734,0.267,2.693,0.869,0.381,,5.16213724,52.06605089,16.80111334,7.366195837,,74.02930146,,58.29166661
44071.29167,HS549,0.2524,4.7782,19.93106181,0.135,3.185,0.818,0.384,,2.690693344,63.48043185,16.30360856,7.653527734,,82.47473376,,,44071.29167,HS548,0.2505,4.7765,20.06786427,0.275,2.625,0.86,0.378,,5.518662675,52.67814371,17.25836327,7.585652695,,75.45516966,,59.29166661
44072.29167,HS556,0.2576,4.7536,19.45341615,0.114,3.316,0.816,0.416,,2.217689441,64.50752795,15.87398758,8.092621118,,82.59920497,,,44072.29167,HS555,0.2599,4.7566,19.30165448,0.277,2.843,0.74,0.385,,5.346558292,54.87460369,14.28322432,7.431136976,,74.5043863,,60.29166661
44073.29167,HS563,0.2511,4.7589,19.95221027,0.0859,3.1541,0.777,0.388,,1.713894863,62.93126643,15.50286738,7.741457587,,80.14802867,,,44073.29167,HS563,0.2511,4.7589,19.95221027,0.283,2.747,0.616,0.376,,5.646475508,54.80872162,12.29056153,7.502031063,,72.74575866,,61.29166661
44074.29167,HS570,0.2518,4.7776,19.97378872,0.0717,3.1083,0.816,0.387,,1.432120651,62.08452748,16.2986116,7.729856235,,79.81525973,,,44074.29167,HS569,0.2509,4.7726,20.02192108,0.259,2.731,0.56,0.365,,5.185677561,54.67986648,11.21227581,7.308001196,,71.07781985,,62.29166661
44075.29167,HS577,0.2511,4.7783,20.02947033,0.0777,3.0323,0.855,0.393,,1.556289845,60.73536288,17.12519713,7.87158184,,79.41684986,,,44075.29167,HS576,0.2511,4.7783,20.02947033,0.191,2.889,0.528,0.375,,3.825628833,57.86513978,10.57556033,7.511051374,,72.26632895,,63.29166661
44076.29167,HS584,0.253,4.773,19.86561265,0.0919,2.9781,0.879,0.388,,1.825649802,59.16178103,17.46187352,7.707857708,,78.44930435,,,44076.29167,HS583,0.254,4.7788,19.81417323,0.202,2.858,0.526,0.369,,4.002462992,56.62890709,10.42225512,7.311429921,,71.0536252,,64.29166661
44077.29167,HS591,0.2598,4.7666,19.34719015,0.0842,2.8758,0.974,0.403,,1.62903341,55.63864942,18.8441632,7.796917629,,76.11184604,,,44077.29167,HS590,0.2522,4.7646,19.89214909,0.177,2.693,0.533,0.369,,3.520910389,53.56955749,10.60251546,7.340203013,,67.69298335,,65.29166661
44078.29167,HS599,0.2513,4.7777,20.01193792,0.145,2.685,0.973,0.398,,2.901730999,53.73205332,19.4716156,7.964751293,,76.10539992,,,44078.29167,HS599,0.2513,4.7745,19.99920414,0.202,2.728,0.567,0.373,,4.039839236,54.55782889,11.33954875,7.459703144,,69.93721687,,66.29166661
44079.29167,HS608,0.2644,4.7587,18.99810893,0.223,2.757,1.02,0.432,,4.23657829,52.37778631,19.3780711,8.207183056,,75.9924357,,,44079.29167,HS607,0.2593,4.757,19.3455457,0.173,2.877,0.595,0.391,,3.346779406,55.65713498,11.51059969,7.564108369,,70.51451408,,67.29166661
44080.29167,HS615,0.2541,4.7542,19.70995671,0.262,2.838,0.786,0.427,,5.164008658,55.93685714,15.49202597,8.416151515,,76.59289177,,,44080.29167,HS614,0.2611,4.75555,19.21351972,0.117,3.073,0.477,0.393,,2.247981808,59.04314611,9.164848908,7.550913252,,70.45597683,,68.29166661
44081.29167,HS622,0.2412,4.7777,20.80804312,0.202,2.698,0.578,0.391,,4.20322471,56.14010033,12.02704892,8.135944859,,72.37037396,,,44081.29167,HS621,0.2579,4.7703,19.49670415,0.0416,3.1584,0.446,0.385,,0.811062893,61.57839038,8.69553005,7.506231097,,71.08498333,,69.29166661
44082.29167,HS629,0.254,4.7806,19.82125984,0.146,2.804,0.763,0.424,,2.893903937,55.5788126,15.12362126,8.404214173,,73.5963378,,,44082.29167,HS628***,0.2511,3.7716,16.02031063,0.0862,3.6538,0.705,0.468,,1.380950777,58.53501099,11.294319,7.497505376,,71.21028076,,70.29166661
44083.29167,HS636,0.2538,4.7796,19.8321513,0.182,2.778,0.747,0.422,,3.609451537,55.09371631,14.81461702,8.369167849,,73.51778487,,,44083.29167,HS635,0.251,4.7759,20.02749004,0.122,2.868,0.558,0.375,,2.443353785,57.43884143,11.17533944,7.510308765,,71.05753466,,71.29166661
44084.29167,HS643,0.2504,4.7563,19.99480831,0.163,3.037,0.55,0.471,,3.259153754,60.72423283,10.99714457,9.417554712,,74.98053115,,,44084.29167,HS642,0.2522,4.7544,19.851705,0.0607,3.2293,0.393,0.421,,1.204998493,64.10711094,7.801720063,8.357567803,,73.1138295,,72.29166661
44085.29167,HS650,0.2533,4.7771,19.85945519,0.0547,3.2353,0.5,0.479,,1.086312199,64.25129538,9.929727596,9.512679037,,75.26733518,,,44085.29167,HS649,0.2515,4.7792,20.0027833,0.0165,3.2635,0.415,0.416,,0.330045924,65.2790833,8.30115507,8.321157853,,73.91028429,,73.29166661
44086.29167,HS657,0.2534,4.773,19.83583268,0.0385,3.2415,0.569,0.46,,0.763679558,64.29785162,11.28658879,9.124483031,,76.34811997,,,44086.29167,HS656,0.2527,4.7767,19.90265137,0.0376,3.3324,0.532,0.423,,0.748339691,66.32359541,10.58821053,8.418821528,,77.66014563,,74.29166661
44087.29167,HS664 ,0.2545,4.776,19.76620825,0.0589,3.1211,0.653,0.613,,1.164229666,61.69231257,12.90733399,12.11668566,,75.76387623,,,44087.29167,HS663,0.2536,4.7844,19.8659306,0.0641,3.2059,0.547,0.55,,1.273406151,63.68818691,10.86666404,10.92626183,,75.8282571,,75.29166661
44088.29167,HS672,0.2593,4.758,19.34940224,0.0943,3.2357,0.616,0.492,,1.824648631,62.60886082,11.91923178,9.519905901,,76.35274123,,,44088.29167,HS6671,0.256,4.7685,19.62695313,0.0879,3.1021,0.603,0.423,,1.72520918,60.88477129,11.83505273,8.302201172,,74.4450332,,76.29166661
44089.29167,HS680,0.2525,4.7781,19.92316832,0.059,3.401,0.45,0.474,,1.175466931,67.75869545,8.965425743,9.443581782,,77.89958812,,,44089.29167,HS679,0.256,4.7731,19.64492188,0.0822,3.1978,0.526,0.412,,1.614812578,62.82053117,10.33322891,8.093707813,,74.76857266,,77.29166661
44090.29167,HS687,0.2509,4.7732,20.02431248,0.0149,3.6551,0.45,0.482,,0.298362256,73.19086453,9.010940614,9.651718613,,82.5001674,,,44090.29167,HS686,0.2541,4.7748,19.79102715,0.0725,3.3275,0.435,0.428,,1.434849469,65.85464286,8.609096812,8.470559622,,75.89858914,,78.29166661
44091.29167,HS694,0.2514,4.7705,19.97573588,0.00259,3.54741,0.438,0.43,,0.051737156,70.86212521,8.749372315,8.589566428,,79.66323469,,,44091.29167,HS693,0.2541,4.7727,19.78276269,0.049,3.271,0.395,0.376,,0.969355372,64.70941677,7.814191263,7.438318772,,73.4929634,,79.29166661
44092.29167,HS701,0.2424,4.7713,20.68358086,0.0218,3.4182,0.576,0.423,,0.450902063,70.70061609,11.91374257,8.749154703,,83.06526073,,,44092.29167,HS700,0.2525,4.774,19.90693069,0.0699,3.2101,0.527,0.378,,1.391494455,63.90323822,10.49095248,7.524819802,,75.78568515,,80.29166661
44093.29167,HS708,0.2539,4.7599,19.74714455,0.0511,3.2989,0.641,0.431,,1.009079086,65.14385514,12.65791965,8.511019299,,78.81085388,,,44093.29167,HS708,0.2539,4.7599,19.74714455,0.0511,3.2989,0.641,0.431,,1.009079086,65.14385514,12.65791965,8.511019299,,78.81085388,,81.29166661
44094.29167,HS715,0.2561,4.7599,19.58609918,0.113,3.267,0.611,0.444,,2.213229207,63.98778602,11.9671066,8.696228036,,78.16812183,,,44094.29167,HS714,0.2562,4.7538,19.55503513,0.108,3.452,0.592,0.663,,2.111943794,67.50398126,11.5765808,12.96498829,,81.19250585,,82.29166661
44095.29167,HS722,0.2587,4.7552,19.38113645,0.15,3.16,0.743,0.45,,2.907170468,61.24439119,14.40018438,8.721511403,,78.55174604,,,44095.29167,HS721,0.2542,4.7586,19.71990559,0.101,3.209,0.545,0.41,,1.991710464,63.28117703,10.74734854,8.08516129,,76.02023603,,83.29166661
44096.29167,HS729,0.2571,4.7585,19.5083625,0.199,2.951,0.775,0.466,,3.882164138,57.56917775,15.11898094,9.090896927,,76.57032283,,,44096.29167,HS728,0.2556,4.7583,19.61619718,0.0925,3.1375,0.601,0.439,,1.814498239,61.54581866,11.78933451,8.611510563,,75.14965141,,84.29166661
44097.29167,HS736,0.2577,4.7581,19.4637175,0.252,2.858,0.828,0.474,,4.90485681,55.62730462,16.11595809,9.225802095,,76.64811952,,,44097.29167,HS735,0.2562,4.7553,19.56088993,0.0811,3.0989,0.671,0.444,,1.586388173,60.6172418,13.12535714,8.685035129,,75.32898712,,85.29166661
44098.29167,HS744,0.2506,4.7555,19.9764565,0.308,2.882,0.701,0.513,,6.152748603,57.57214765,14.00349601,10.24792219,,77.72839226,,,44098.29167,HS743,0.2566,4.7559,19.53429462,0.0604,3.3096,0.558,0.485,,1.179871395,64.65070148,10.9001364,9.474132892,,76.73070928,,86.29166661
44099.29167,HS752,0.255,4.7586,19.66117647,0.324,2.976,0.656,0.516,,6.370221176,58.51166118,12.89773176,10.14516706,,77.77961412,,,44099.29167,HS751,0.2551,4.7508,19.62328499,0.0549,3.3251,0.54,0.47,,1.077318346,65.24938491,10.59657389,9.222943944,,76.92327715,,87.29166661
44100.29167,HS759,0.2531,4.7571,19.79533781,0.249,3.061,0.609,0.493,,4.929039115,60.59352904,12.05536073,9.759101541,,77.57792888,,,44100.29167,HS758,0.2511,4.7569,19.94424532,0.0423,3.3177,0.555,0.454,,0.843641577,66.1690227,11.06905615,9.054687376,,78.08172043,,88.29166661
44101.29167,HS766,0.2522,4.7563,19.8592387,0.155,3.185,0.694,0.509,,3.078181998,63.25167526,13.78231166,10.1083525,,80.11216891,,,44101.29167,HS765,0.2528,4.7518,19.79667722,0.0268,3.3732,0.635,0.476,,0.530550949,66.77815158,12.57089003,9.423218354,,79.87959256,,89.29166661
44102.29167,HS773,0.2519,4.7715,19.94204049,0.117,3.203,0.697,0.508,,2.333218738,63.8743557,13.89960222,10.13055657,,80.10717666,,,44102.29167,HS772,0.2523,4.7778,19.93697979,0.0356,3.3544,0.671,0.488,,0.70975648,66.87660499,13.37771344,9.729246136,,80.96407491,,90.29166661
44103.29167,HS780,0.2524,4.7758,19.92155309,0.0745,3.2955,0.668,0.495,,1.484155705,65.65147821,13.30759746,9.86116878,,80.44323138,,,44103.29167,HS779,0.2549,4.7718,19.72028246,0.0446,3.4054,0.687,0.482,,0.879524598,67.1554499,13.54783405,9.505176148,,81.58280855,,91.29166661
44104.29167,HS787,0.2535,4.7726,19.82682446,0.0361,2.9939,0.433,0.429,,0.715748363,59.35952974,8.58501499,8.505707692,,68.6602931,,,44104.29167,HS7786,0.2539,4.772,19.7948011,0.0277,2.8623,0.446,0.391,,0.548315991,56.6586592,8.828481292,7.739767231,,66.03545648,,92.29166661
44105.29167,HS794,0.2569,4.7758,19.59011288,0.0284,3.0016,0.581,0.525,,0.556359206,58.80168283,11.38185559,10.28480926,,70.73989763,,,44105.29167,HS793,0.2568,4.7583,19.52920561,0.0259,2.8741,0.49,0.4,,0.505806425,56.12888984,9.569310748,7.811682243,,66.20400701,,93.29166661
44106.29167,HS801,0.2556,4.7743,19.67879499,0.0423,2.9377,0.545,0.434,,0.832413028,57.81039605,10.72494327,8.540597027,,69.36775235,,,44106.29167,HS800,0.2503,4.7707,20.05992809,0.0283,2.8017,0.522,0.4,,0.567695965,56.20190052,10.47128246,8.023971235,,67.24087895,,94.29166661
44107.29167,HS808,0.2574,4.7565,19.47902098,0.0471,2.9929,0.604,0.444,,0.917461888,58.29876189,11.76532867,8.648685315,,70.98155245,,,44107.29167,HS807,0.2574,4.7509,19.45726496,0.0298,2.8902,0.603,0.421,,0.579826496,56.23538718,11.73273077,8.191508547,,68.54794444,,95.29166661
44108.29167,HS816,0.2552,4.7591,19.64851097,0.0567,2.9733,0.634,0.443,,1.114070572,58.42091767,12.45715596,8.704290361,,71.9921442,,,44108.29167,HS815,0.2575,4.7573,19.47495146,0.0337,2.9263,0.637,0.418,,0.656305864,56.98955045,12.40554408,8.140529709,,70.05140039,,96.29166661
44109.29167,HS824,0.2535,4.7729,19.82800789,0.0251,3.1549,0.569,0.455,,0.497682998,62.55538209,11.28213649,9.02174359,,74.33520158,,,44109.29167,HS823,0.2533,4.7716,19.83774181,0.0188,3.1112,0.543,0.429,,0.372949546,61.71918231,10.7718938,8.510391236,,72.86402566,,97.29166661
44110.29167,HS831,0.2555,4.7707,19.67201566,0.00547,3.28453,0.615,0.472,,0.107605926,64.61332558,12.09828963,9.285191389,,76.81922114,,,44110.29167,HS830,0.2516,4.7749,19.9781399,0.00269,3.18731,0.559,0.442,,0.053741196,63.6765251,11.16778021,8.830337838,,74.8980465,,98.29166661
44111.29167,HS838,0.2556,4.7745,19.67957746,0.259,3.091,0.595,0.487,,5.097010563,60.82957394,11.70934859,9.583954225,,77.6359331,,,44111.29167,HS837,0.2544,4.7783,19.78262579,0.141,3.109,0.677,0.452,,2.789350236,61.50418357,13.39283766,8.941746855,,77.68637146,,99.29166661
44112.29167,HS845,0.2549,4.7549,19.65398195,0.384,3.306,0.451,0.476,,7.54712907,64.97606434,8.863945861,9.35529541,,81.38713927,,,44112.29167,HS844,0.2549,4.7547,19.65319733,0.147,3.383,0.648,0.44,,2.889020008,66.48676658,12.73527187,8.647406826,,82.11105845,,100.2916666
44113.29167,HS852,0.2544,4.7745,19.76768868,0.395,3.295,0.291,0.443,,7.808237028,65.1345342,5.752397406,8.757086085,,78.69516863,,,44113.29167,HS851,0.254,4.775,19.7992126,0.131,3.369,0.556,0.429,,2.59369685,66.70354724,11.0083622,8.493862205,,80.3056063,,101.2916666
44114.29167,HS859,0.2561,4.753,19.55915658,0.289,3.481,0.293,0.439,,5.652596251,68.08542405,5.730832878,8.586469738,,79.46885318,,,44114.29167,HS858,0.2534,4.7573,19.7738753,0.145,3.345,0.518,0.418,,2.867211918,66.14361287,10.2428674,8.265479874,,79.25369219,,102.2916666
44115.29167,Hs866,0.2554,4.7535,19.61198121,0.131,3.639,0.252,0.44,,2.569169538,71.36799961,4.942219264,8.629271731,,78.87938841,,,44115.29167,HS865,0.2554,4.7535,19.61198121,0.0883,3.4417,0.459,0.415,,1.73173794,67.49855572,9.001899374,8.1389722,,78.23219303,,103.2916666
44116.29167,HS873,0.2527,4.7797,19.91452315,0.0881,3.5819,0.368,0.424,,1.75446949,71.33183047,7.328544519,8.443757816,,80.41484448,,,44116.29167,HS873,0.254,4.7797,19.81771654,0.0881,3.5819,0.368,0.424,,1.745940827,70.98507886,7.292919685,8.402711811,,80.02393937,,104.2916666
44117.29167,HS881,0.2523,4.7717,19.91280222,0.0998,3.5802,0.252,0.404,,1.987297662,71.29181451,5.018026159,8.044772097,,78.29713833,,,44117.29167,HS880,0.2526,4.7694,19.88123515,0.0606,3.4794,0.466,0.408,,1.20480285,69.1747696,9.264655582,8.111543943,,79.64422803,,105.2916666
44118.29167,HS889,0.2529,4.7765,19.88691182,0.247,3.263,0.291,0.433,,4.91206722,64.89099328,5.78709134,8.611032819,,75.59015184,,,44118.29167,HS888,0.2512,4.7787,20.02348726,0.131,3.289,0.471,0.41,,2.623076831,65.8572496,9.4310625,8.209629777,,77.91138893,,106.2916666
44119.29167,HS897,0.2566,4.7504,19.51286048,0.186,3.174,0.282,0.391,,3.62939205,61.93381917,5.502626656,7.629528449,,71.06583788,,,44119.29167,HS896,0.2541,4.758,19.72491145,0.0674,3.2026,0.393,0.385,,1.329459032,63.17100142,7.751890201,7.594090909,,72.25235065,,107.2916666
44120.29167,HS906,0.2516,4.7722,19.96740859,0.175,3.145,0.301,0.393,,3.494296502,62.7975,6.010189984,7.847191574,,72.30198649,,,44120.29167,HS905,0.2515,4.7731,19.97852883,0.0582,3.2818,0.419,0.386,,1.162750378,65.5655359,8.371003579,7.711712127,,75.09928986,,108.2916666
44121.29167,HS913,0.2564,4.7589,19.56045242,0.151,3.389,0.215,0.402,,2.953628315,66.29037324,4.20549727,7.863301872,,73.44949883,,,44121.29167,HS912,0.2636,4.7628,19.06828528,0.0327,3.5873,0.376,0.409,,0.623532929,68.40365979,7.169675266,7.79892868,,76.19686798,,109.2916666
44122.29167,HS920,0.2555,4.7573,19.61956947,0.116,3.354,0.281,0.39,,2.275870059,65.80403601,5.513099022,7.651632094,,73.59300509,,,44122.29167,HS919,0.2545,4.7601,19.70373281,0.038,3.452,0.386,0.394,,0.748741847,68.01728566,7.605640864,7.763270727,,76.37166837,,110.2916666
44123.29167,HS927,0.2526,4.7716,19.88994458,0.134,3.256,0.319,0.402,,2.665252573,64.76165954,6.34489232,7.99575772,,73.77180443,,,44123.29167,HS926,0.2557,4.77,19.65467345,0.0416,3.4184,0.418,0.414,,0.817634415,67.18753571,8.2156535,8.137034806,,76.22082362,,111.2916666
44124.29167,HS936,0.2515,4.7796,20.00437376,0.171,3.229,0.328,0.388,,3.420747913,64.59412286,6.561434592,7.761697018,,74.57630537,,,44124.29167,HS935,0.2511,4.7777,20.02708084,0.0523,3.4077,0.429,0.388,,1.047416328,68.24628339,8.591617682,7.770507368,,77.8853174,,112.2916666
44125.29167,HS943,0.2507,4.7697,20.02552852,0.177,3.263,0.293,0.382,,3.544518548,65.34329956,5.867479856,7.649751895,,74.75529797,,,44125.29167,HS042,0.2552,4.7752,19.71159875,0.0461,3.5039,0.396,0.389,,0.908704702,69.06747085,7.805793103,7.667811912,,77.78196865,,113.2916666
44126.29167,HS950,0.2554,4.7547,19.61667972,0.171,3.309,0.28,0.359,,3.354452232,64.91159319,5.492670321,7.042388019,,73.75871574,,,44126.29167,HS949,0.2545,4.7541,19.68015717,0.0434,3.5266,0.347,0.361,,0.854118821,69.40404228,6.829014538,7.104536739,,77.08717564,,114.2916666
44127.29167,HS960,0.254,4.7692,19.77637795,0.143,3.347,0.262,0.35,,2.828022047,66.19153701,5.181411024,6.921732283,,74.20097008,,,44127.29167,HS959,0.2533,4.7804,19.87248322,0.0308,3.4192,0.359,0.345,,0.612072483,67.94799463,7.134221477,6.856006711,,75.69428859,,115.2916666
44128.29167,HS965,0.2535,4.7565,19.76331361,0.138,3.222,0.205,0.356,,2.727337278,63.67739645,4.05147929,7.035739645,,70.45621302,,,44128.29167,HS964,0.2565,4.7579,19.54931774,0.0207,3.4593,0.287,0.373,,0.404670877,67.62695485,5.610654191,7.291895517,,73.64227992,,116.2916666
44129.29167,HS969,0.2551,4.7553,19.64092513,0.0719,3.0081,0.155,0.318,,1.412182517,59.08186688,3.044343395,6.245814191,,63.53839279,,,44129.29167,HS968,0.2541,4.7592,19.729634,0.0161,3.0039,0.245,0.303,,0.317647107,59.26584758,4.833760331,5.978079103,,64.41725502,,117.2916666
44130.29167,HS976,0.2523,4.7691,19.90249703,0.0377,2.1223,0.115,0.225,,0.750324138,42.23906944,2.288787158,4.478061831,,45.27818074,,,44130.29167,HS975,0.2551,4.771,19.70246962,0.0101,2.0899,0.181,0.223,,0.198994943,41.17619126,3.566147001,4.393650725,,44.9413332,,118.2916666
44131.29167,HS980,0.2525,4.7739,19.90653465,0.0223,2.2777,0.0483,0.243,,0.443915723,45.34111398,0.961485624,4.837287921,,46.74651533,,,44131.29167,HS979,0.2512,4.7807,20.03144904,0.00565,2.28435,0.147,0.223,,0.113177687,45.75884063,2.94462301,4.467013137,,48.81664132,,119.2916666
44132.29167,HS1,0.2524,4.7728,19.90966719,0.00633,1.92367,0.0415,0.202,,0.126028193,38.29962949,0.826251189,4.021752773,,39.25190887,,,44132.29167,HS1000,0.2529,4.7711,19.86555951,0,1.90467,0.119,0.187,,0,37.83733523,2.364001582,3.714859628,,40.20133681,,120.2916666
44133.29167,HS18,0.254,4.776,19.80314961,0.011,1.639,0.134,0.188,,0.217834646,32.4573622,2.653622047,3.722992126,,35.3288189,,,44133.29167,HS10,0.255,4.7786,19.73960784,0,1.620774,0.173,0.182,,0,31.99344316,3.414952157,3.592608627,,35.40839532,,121.2916666
44134.29167,HS26,0.253,4.7773,19.8826087,0.00777,1.73223,0.179,0.211,,0.15448787,34.44125126,3.558986957,4.195230435,,38.15472609,,,44134.29167,HS25,0.2507,4.7715,20.03270842,0,1.72156,0.209,0.197,,0,34.4875095,4.186836059,3.946443558,,38.67434556,,122.2916666
44135.29167,HS35,0.2558,4.7551,19.58913213,0.0158,1.8142,0.166,0.212,,0.309508288,35.53860352,3.251795934,4.152896013,,39.09990774,,,44135.29167,HS24,0.2601,4.7584,19.29450211,0.00297,1.82703,0.222,0.209,,0.057304671,35.2516342,4.283379469,4.032550942,,39.59231834,,123.2916666
44136.29167,HS43,0.2554,4.7572,19.62646829,0.0336,1.6664,0.235,0.207,,0.659449334,32.70554675,4.612220047,4.062678935,,37.97721613,,,44136.29167,HS42,0.2515,4.7553,19.90775348,0.021,1.649,0.298,0.187,,0.418062823,32.82788549,5.932510537,3.722749901,,39.17845885,,124.2916666
44137.29167,HS54,0.2559,4.7688,19.63540445,0.0603,1.7697,0.291,0.227,,1.184014889,34.74877526,5.713902696,4.457236811,,41.64669285,,,44137.29167,HS53,0.252,4.7727,19.93928571,0.04,1.74,0.328,0.207,,0.797571429,34.69435714,6.540085714,4.127432143,,42.03201429,,125.2916666
44138.29167,HS63,0.2519,4.773,19.94799524,0.0671,1.8329,0.274,0.229,,1.33851048,36.56268047,5.465750695,4.568090909,,43.36694164,,,44138.29167,HS62,0.2517,4.778,19.98291617,0.0517,1.8483,0.292,0.209,,1.033116766,36.93442396,5.835011522,4.17642948,,43.80255224,,126.2916666
44139.29167,HS78,0.2511,4.7749,20.01592991,0.0617,1.9883,0.254,0.236,,1.234982875,39.79767344,5.084046197,4.723759458,,46.11670251,,,44139.29167,HS77,0.2572,4.78,19.58475894,0.0507,2.0193,0.308,0.231,,0.992947278,39.54750373,6.032105754,4.524079316,,46.57255677,,127.2916666
44140.29167,HS82,0.2541,4.7743,19.78905943,0.0545,2.0955,0.27,0.265,,1.078503739,41.46797403,5.343046045,5.244100748,,47.88952381,,,44140.29167,HS81,0.2541,4.7825,19.82133018,0.0468,2.1232,0.357,0.249,,0.927638253,42.08464825,7.076214876,4.935511216,,50.08850138,,128.2916666
44141.29167,HS89,0.2517,4.7764,19.9765594,0.0373,2.1727,0.334,0.274,,0.745125665,43.4030706,6.672170838,5.473577275,,50.8203671,,,44141.29167,HS88,0.2517,4.7819,19.99841081,0.0326,2.2074,0.381,0.258,,0.651948192,44.14449201,7.619394517,5.159589988,,52.41583472,,129.2916666
44142.29167,HS95,0.2509,4.7522,19.94061379,0.0121,2.4679,0.165,0.281,,0.241281427,49.21144077,3.290201275,5.603312475,,52.74292348,,,44142.29167,HS94,0.2509,4.7522,19.94061379,0.0187,2.5113,0.227,0.251,,0.372889478,50.07686341,4.52651933,5.005094061,,54.97627222,,130.2916666
44143.29167,HS99,0.2581,4.758,19.43471523,0.00234,2.64766,0.148,0.298,,0.045477234,51.45651812,2.876337854,5.791545138,,54.3783332,,,44143.29167,HS98,0.2515,4.7513,19.89184891,0,2.590337,0.24,0.263,,0,51.52659222,4.774043738,5.231556262,,56.30063596,,131.2916666
44144.29167,HS106,0.2529,4.7787,19.89561091,0.0199,2.7001,0.187,0.304,,0.395922657,53.72013903,3.720479241,6.048265718,,57.83654093,,,44144.29167,HS105,0.2529,4.7787,19.89561091,0.0051,2.6449,0.247,0.283,,0.101467616,52.6219013,4.914215896,5.630457888,,57.63758482,,132.2916666
44145.29167,HS112,0.2513,4.771,19.98527656,0.0182,2.3118,0.239,0.284,,0.363732033,46.20196236,4.776481098,5.675818544,,51.34217549,,,44145.29167,HS111,0.2521,4.7708,19.92423641,0.0176,2.3224,0.346,0.274,,0.350666561,46.27204665,6.893785799,5.459240777,,53.51649901,,133.2916666
44146.29167,HS119,0.2545,4.7799,19.78153242,0.0253,2.3947,0.292,0.292,,0.50047277,47.37083568,5.776207466,5.776207466,,53.64751591,,,44146.29167,HS118,0.2511,4.777,20.02429311,0.0305,2.3395,0.366,0.276,,0.61074094,46.84683373,7.328891278,5.526704898,,54.78646595,,134.2916666
44147.29167,HS122,0.2515,4.7702,19.96699801,0.0193,2.3607,0.339,0.31,,0.385363062,47.13609221,6.768812326,6.189769384,,54.29026759,,,44147.29167,HS123,0.2529,4.7771,19.8892843,0.0329,2.3371,0.362,0.295,,0.654357454,46.48324634,7.199920917,5.867338869,,54.33752471,,135.2916666
44148.29167,HS132,0.2531,4.7771,19.87435796,0.0189,2.4711,0.357,0.309,,0.375625365,49.11152596,7.095145792,6.14117661,,56.58229712,,,44148.29167,HS131,0.2527,4.785,19.93549664,0.0374,2.3826,0.396,0.297,,0.745587574,47.49831429,7.894456668,5.920842501,,56.13835853,,136.2916666
44149.29167,HS137,0.2516,4.7551,19.89944356,0.0158,2.5442,0.366,0.328,,0.314411208,50.62816431,7.283196343,6.527017488,,58.22577186,,,44149.29167,HS136,0.2585,4.7737,19.46692456,0.0452,2.5348,0.4,0.308,,0.87990499,49.34476039,7.786769826,5.995812766,,58.0114352,,137.2916666
44150.29167,HS141,0.2506,4.7556,19.97685555,0.0239,2.7461,0.415,0.349,,0.477446848,54.85844302,8.290395052,6.971922586,,63.62628492,,,44150.29167,HS140,0.2617,4.7584,19.18265189,0.042,2.638,0.42,0.321,,0.805671379,50.60383569,8.056713794,6.157631257,,59.46622086,,138.2916666
44151.29167,HS148,0.2508,4.7697,20.01794258,0.0278,2.5522,0.401,0.339,,0.556498804,51.08979306,8.027194976,6.786082536,,59.67348684,,,44151.29167,HS147,0.2508,4.7795,20.05701754,0.0313,2.5387,0.49,0.347,,0.627784649,50.91875044,9.827938596,6.959785088,,61.37447368,,139.2916666
44152.29167,HS152,0.2464,4.7764,20.38474026,0.0289,2.5911,0.388,0.338,,0.589118994,52.81890049,7.909279221,6.890042208,,61.3172987,,,44152.29167,HS151,0.2533,4.7712,19.83616265,0.0333,2.7067,0.424,0.348,,0.660544216,53.69054145,8.410532965,6.902984603,,62.76161863,,140.2916666
44153.29167,HS159,0.2559,4.7741,19.65611567,0.0461,2.5839,0.496,0.357,,0.906146932,50.78943728,9.749433372,7.017233294,,61.44501758,,REFILLED!!,44153.29167,HS158,0.2559,4.7741,19.65611567,0.0691,0.5519,3.39,0.562,,1.358237593,10.84821024,66.63423212,11.04673701,,78.84067995,,141.2916666
44154.29167,HS163,0.2526,4.7759,19.90696754,0.0038,2.6962,0.468,0.365,,0.075646477,53.67316587,9.316460808,7.266043151,,63.06527316,,Added centrate,44154.29167,HS162,0.2521,4.7765,19.94684649,0,0.01673,5.99,0.464,,0,0.333710742,119.4816105,9.255336771,,119.8153212,,142.2916666
44155.29167,HS170,0.2504,4.7539,19.98522364,0,2.73705,0.48,0.379,,0,54.70055637,9.592907348,7.57439976,,64.29346372,,,44155.29167,HS169,0.2519,4.7518,19.86383486,0,0.02228,5.18,0.39,,0,6.179645842,102.8946645,7.746895593,,109.0743104,,143.2916666
44156.29167,HS174,0.2528,4.7533,19.80261076,0.0689,2.7111,0.323,0.368,,1.364399881,53.68685803,6.396243275,7.287360759,,61.44750119,,,44156.29167,HS173,0.2625,4.7528,19.10590476,0.0677,0.0413,4.68,0.359,,1.293469752,6.533661805,89.41563429,6.85901981,,97.24276584,,144.2916666
44157.29167,HS178,0.2513,4.756,19.92558695,0.0302,3.0298,0.138,0.385,,0.601752726,60.37054333,2.749730999,7.671350975,,63.72202706,,,44157.29167,HS177,0.2525,4.7589,19.84712871,0.272,0.131,3.56,0.366,,5.39841901,6.617410072,70.65577822,7.264049109,,82.6716073,,145.2916666
44158.29167,HS185,0.2529,4.7802,19.90154211,0.0177,3.1823,0.178,0.423,,0.352257295,63.33267746,3.542474496,8.418352313,,67.22740925,,,44158.29167,HS184,0.2528,4.7832,19.92088608,0.764,0.316,2.34,0.34,,15.21955696,7.213343962,46.61487342,6.773101266,,69.04777434,,146.2916666
44159.29167,HS181,0.2505,4.7744,20.05948104,0.0133,3.1067,0.129,0.417,,0.266791098,62.31878974,2.587673054,8.364803593,,65.17325389,,,44159.29167,HS190,0.2528,4.7717,19.87539557,1.51,0.66,0.88,0.301,,30.01184731,7.577130331,17.4903481,5.982494066,,55.07932574,,147.2916666
44160.29167,HS198,0.2509,4.7733,20.02471104,0.0279,3.0721,0.282,0.432,,0.558689438,61.51791479,5.646968513,8.650675169,,67.72357274,,Dosing turned back on,44160.29167,HS197,0.2606,4.7719,19.31120491,1.64,1.32,0.0825,0.316,,31.67037606,7.555045653,1.593174405,6.102340752,,40.81859611,,148.2916666
44161.29167,HS202,0.2525,4.7713,19.89623762,0.02,3.11,0.3,0.41,,0.397924752,61.87729901,5.968871287,8.157457426,,68.24409505,,,44161.29167,HS201,0.2505,4.77767,20.07253493,0.92,1.79,0.15,0.25,,18.46673214,35.92983752,3.01088024,5.018133733,,57.4074499,,149.2916666
44162.29167,HS209,0.2614,4.7532,19.18362663,0,3.16,0.33,0.41,,0,60.62026014,6.330596787,7.865286917,,66.95085692,,,44162.29167,HS208,0.2623,4.7562,19.13267251,0.37,2.55,0.12,0.3,,7.07908883,48.78831491,2.295920701,5.739801754,,58.16332444,,150.2916666
44163.29167,HS211,0.2532,4.7571,19.78791469,0.03,3.07,0.31,0.4,,0.593637441,60.7488981,6.134253555,7.915165877,,67.4767891,,,44163.29167,HS210,0.25111,4.7532,19.92875632,0.18,2.72,0.12,0.3,,3.587176138,54.2062172,2.391450759,5.978626897,,60.18484409,,151.2916666
44164.29167,HS213,0.2519,4.7567,19.88328702,0.01,3.08,0.36,0.4,,0.19883287,61.24052402,7.157983327,7.953314807,,68.59734021,,,44164.29167,HS212,0.2609,4.7567,19.23188961,0.06,3.03,0.14,0.31,,1.153913377,58.27262553,2.692464546,5.96188578,,62.11900345,,152.2916666
44165.29167,HS218,0.2513,4.7582,19.93434142,0.05,3.04,0.42,0.43,,0.996717071,60.60039793,8.372423398,8.571766813,,69.9695384,,,44165.29167,HS217,0.2513,4.7582,19.93434142,0.04,2.99,0.19,0.31,,0.797373657,59.60368086,3.787524871,,,64.18857939,,153.2916666
44166.29167,HS222,0.2514,4.7794,20.01113763,0.01,3.09,0.49,0.41,,0.200111376,61.83441527,9.805457438,8.204566428,,71.83998409,,,44166.29167,HS221,0.2537,4.7693,19.79897517,0.03,3.1,0.27,0.33,,0.593969255,61.37682302,5.345723295,,,67.31651557,,154.2916666
44167.29167,HS231,0.2529,4.7704,19.86279162,0.05,3.05,0.54,0.42,,0.993139581,60.58151443,10.72590747,8.342372479,,72.30056149,,,44167.29167,HS230,0.2502,4.767,20.05275779,0.06,3,0.38,0.33,,1.203165468,60.15827338,7.620047962,,,68.98148681,,155.2916666
44168.29167,HS235,0.2512,4.775,20.00875796,0.04,2.96,0.61,0.43,,0.800350318,59.22592357,12.20534236,8.603765924,,72.23161624,,,44168.29167,HS234,0.2509,4.7764,20.03706656,0.02,3.03,0.44,0.36,,0.400741331,60.71231168,8.816309287,,,69.9293623,,156.2916666
44169.29167,HS242,0.252,4.7568,19.87619048,0.02,3.11,0.54,0.43,,0.39752381,61.81495238,10.73314286,8.546761905,,72.94561905,,,44169.29167,HS241,0.2509,4.752,19.93981666,0.01,3.09,0.52,0.38,,0.199398167,61.61403348,10.36870466,,,72.18213631,,157.2916666
44170.29167,HS246,0.2507,4.7592,19.98364579,0.02,3.34,0.46,0.43,,0.399672916,66.74537694,9.192477064,8.59296769,,76.33752692,,,44170.29167,HS245,0.2519,4.7563,19.88169909,0.01,3.15,0.48,0.38,,0.198816991,62.62735212,9.543215562,,,72.36938468,,158.2916666
44171.29167,HS250,0.2537,4.7566,19.74891604,0.01,3.21,0.49,0.45,,0.19748916,63.3940205,9.676968861,8.887012219,,73.26847852,,,44171.29167,HS249,0.2514,4.7557,19.91686555,0.01,3.18,0.55,0.41,,0.199168656,63.33563246,10.95427605,8.165914877,,74.48907717,,159.2916666
44172.29167,HS259,0.2521,4.7552,19.86235621,0.01,3.22,0.39,0.43,,0.198623562,63.95678699,7.746318921,8.540813169,,71.90172947,,,44172.29167,HS258,0.2522,4.7534,19.84773989,0.01,3.2,0.54,0.4,,0.198477399,63.51276764,10.71777954,7.939095956,,74.42902458,,160.2916666
44173.29167,HS264,0.2519,4.7565,19.88249305,0.01,3,0.41,0.38,,0.198824931,59.64747916,8.151822152,7.55534736,,67.99812624,,,44173.29167,HS263,0.2503,4.754,19.99320815,0.01,3,0.47,0.36,,0.199932082,59.97962445,9.396807831,7.197554934,,69.57636436,,161.2916666
44174.29167,HS272,0.2642,4.7535,18.99205148,0.01,3.24,0.41,0.43,,0.189920515,61.53424678,7.786741105,8.166582135,,69.5109084,,,44174.29167,HS271,0.2513,4.7513,19.9068842,0.01,3.12,0.48,0.4,,0.199068842,62.10947871,9.555304417,7.962753681,,71.86385197,,162.2916666
44175.29167,HS276,0.2508,4.7591,19.97567783,0.01,3.13,0.42,0.42,,0.199756778,62.52387161,8.389784689,8.389784689,,71.11341308,,,44175.29167,HS275,0.251,4.7561,19.94860558,0.01,3.13,0.49,0.39,,0.199486056,62.43913546,9.774816733,7.779956175,,72.41343825,,163.2916666
44176.29167,HS283,0.2652,4.7539,18.92571644,0,3.5,0.3,0.44,,0,66.24000754,5.677714932,8.327315234,,71.91772247,,,44176.29167,HS282,0.2581,4.758,19.43471523,0,3.46,0.4,0.42,,0,67.24411468,7.773886091,8.162580395,,75.01800077,,164.2916666
44179.29167,HS290,0.2669,4.7583,18.82802548,0,2.71,0.18,0.33,,0,51.02394904,3.389044586,6.213248408,,54.41299363,,,44179.29167,HS289,0.2647,4.7509,18.94824329,0,2.77,0.3,0.33,,0,52.48663393,5.684472988,6.252920287,,58.17110691,,167.2916666
44181.29167,HS295,0.2616,4.7548,19.17584098,0,2.57,0.22,0.33,,0,49.28191131,4.218685015,6.328027523,,53.50059633,,,44181.29167,HS294,0.2543,4.754,19.69445537,0,2.64,0.33,0.31,,0,51.99336217,6.499170271,6.105281164,,58.49253244,,169.2916666
44183.29167,HS304,0.2538,4.7701,19.79472025,0.00659,2.16,0.322,0.317,,0.130447206,42.75659574,6.373899921,6.27492632,,49.26094287,,,44183.29167,HS303,0.2545,4.7673,19.73202358,0,2.54,0.335,0.332,,0,50.11933988,6.610227898,6.551031827,,56.72956778,,171.2916666
44186.29167,HS309,0.2561,4.7697,19.62436548,0.0119,2.53,0.442,0.386,,0.233529949,49.64964467,8.673969543,7.575005076,,58.55714416,,,44186.29167,HS308,0.2541,4.7608,19.73593074,0,2.71,0.443,0.372,,0,53.48437229,8.743017316,7.341766234,,62.22738961,,174.2916666
44188.29167,HS314,0.2557,4.7707,19.65741103,-0.0037,2.73,0.414,0.397,,-0.072732421,53.66473211,8.138168166,7.803992178,,61.73016785,,,44188.29167,HS313,0.2553,4.7662,19.66901684,0,2.91,0.495,0.409,,0,57.23683901,9.736163337,8.044627889,,66.97300235,,176.2916666
44192.29167,HS317,0.2541,4.7668,19.75954349,-0.000667,3.09,0.454,0.463,,-0.013179616,61.05698937,8.970832743,9.148668634,,70.0146425,,,44192.29167,HS316,0.2516,4.7636,19.93322734,-0.0045,3.26,0.535,0.453,,-0.089699523,64.98232114,10.66427663,9.029751987,,75.55689825,,180.2916667
44200.29167,HS322,0.2587,4.7701,19.43873212,0,3.25,0.308,0.457,,0,63.1758794,5.987129494,8.88350058,,69.16300889,,,44200.29167,HS321,0.2522,4.7666,19.9000793,0.00965,3.36,0.453,0.458,,0.192035765,66.86426646,9.014735924,9.11423632,,76.07103814,,188.2916667
44202.29167,HS326,0.2565,4.772,19.6042885,0.0384,3.26,0.341,0.452,,0.752804678,63.90998051,6.685062378,8.861138402,,71.34784756,,,44202.29167,HS325,0.2535,4.7603,19.77830375,0.04,3.42,0.491,0.471,,0.79113215,67.64179882,9.71114714,9.315581065,,78.14407811,,190.2916667
44204.29167,HS334,0.2591,4.7645,19.38865303,0.0371,3.3029,0.252,0.561,,0.719319027,64.03878209,4.885940563,10.87703435,,69.64404168,,,44204.29167,HS333,0.2563,4.7658,19.59461568,0.0386,3.3514,0.378,0.541,,0.756352165,65.66939501,7.406764729,10.60068709,,73.8325119,,192.2916667
44207.29167,HS339,0.2515,4.7729,19.9777336,0.0264,3.0436,0.0427,0.489,,0.527412167,60.80422998,0.853049225,9.76911173,,62.18469137,,,44207.29167,HS338,0.2504,4.7604,20.01118211,0.0378,3.1522,0.167,0.489,,0.756422684,63.07924824,3.341867412,9.785468051,,67.17753834,,195.2916667
44209.29167,HS344,0.2552,4.7615,19.65791536,0.0104,3.1596,0.0139,1.23,,0.20444232,62.11114937,0.273245024,24.17923589,,62.58883672,,,44209.29167,HS343,0.2512,4.7657,19.97173567,0.0324,3.2476,0.0885,0.533,,0.647084236,64.86020876,1.767498607,10.64493511,,67.2747916,,197.2916667
44211.29167,HS351,0.2516,4.7639,19.93441971,0.0407,3.0293,0.013,0.407,,0.811330882,60.38733764,0.259147456,8.113308824,,61.45781598,,,44211.29167,HS350,0.2526,4.7632,19.85669042,0.0443,3.2157,0.0141,0.357,,0.879651386,63.85315938,0.279979335,7.08883848,,65.0127901,,199.2916667
44214.29167,HS356,0.2511,4.763,19.96853843,0.0421,2.6479,0.0026,0.295,,0.840675468,52.87469291,0.0519182,5.890718837,,53.76728658,,,44214.29167,HS355,0.2509,4.7672,20.00039857,0.0405,2.8095,0,0.316,,0.810016142,56.19111977,0,6.320125947,,57.00113591,,202.2916667
44216.29167,HS361,0.2532,4.7679,19.83056872,0.0362,2.2438,0,0.218,,0.717866588,44.49583009,0,4.323063981,,45.21369668,,,44216.29167,HS360,0.2506,4.7661,20.01875499,0.0351,2.2949,0.0262,0.211,,0.7026583,45.94104082,0.524491381,4.223957302,,47.1681905,,204.2916667
44218,HS366,0.254,4.7703,19.78070866,0.0369,2.2531,0.0152,0.173,,0.72990815,44.56791469,0.300666772,3.422062598,,45.59848961,,,44218,HS365,0.2509,4.7671,20,0.0374,2.1726,0.0257,0.159,,0.748,43.452,0.514,3.18,,44.714,,206
44221,HS371,0.2539,4.7634,19.7609295,0.0351,1.9149,0.00353,0.14,,0.693608625,37.8402039,0.069756081,2.76653013,,38.60356861,,,44221,HS370,0.252,4.7662,19.91349206,0.0366,1.9334,0.117,0.16,,0.72883381,38.50074556,2.329878571,3.18615873,,41.55945794,,209
44223,HS376,0.2521,4.7619,19.88893296,0.041,1.769,0.0272,0.138,,0.815446251,35.18352241,0.540978977,2.744672749,,36.53994764,,,44223,HS375,0.2517,4.7672,19.94000795,0.04,2.14,0.156,0.211,,0.797600318,42.671617,3.11064124,4.207341677,,46.57985856,,211
44225,HS382,0.2529,4.7674,19.85092922,0.0123,1.8277,0,0.15,,0.244166429,36.28154334,0,2.977639383,,36.52570977,,,44225,HS381,0.2577,4.7649,19.49010477,0.012,1.648,0.0404,0.0703,,0.233881257,32.11969267,0.787400233,1.370154366,,33.14097416,,213
44228,HS387,0.2522,4.7656,19.8961142,0.0156,1.8044,0.00782,0.127,,0.310379381,35.90054845,0.155587613,2.526806503,,36.36651545,,,44228,HS386,0.2527,4.7665,19.8622873,0.0127,1.4373,0.0594,0.0601,,0.252251049,28.54806553,1.179819865,1.193723467,,29.98013645,,216
44230,HS397,0.2515,4.7753,19.98727634,0.0148,1.2752,0.0507,0.143,,0.29581169,25.48777479,1.013354911,2.858180517,,26.79694139,,,44230,HS396,0.2504,4.7708,20.05271565,0.00931,0.94769,0.142,0.111,,0.186690783,19.0037581,2.847485623,2.225851438,,22.0379345,,218
44232,MM007,0.2536,4.7755,19.83083596,0,1.22374,0.0267,0.0841,,0,24.2677872,0.52948332,1.667773304,,24.79727052,,,44232,MM006,0.2536,4.7766,19.8351735,0,0.9312,0.0628,0.0451,,0,18.47051356,1.245648896,0.894566325,,19.71616246,,220
44235,MM018,0.2534,4.7701,19.82438832,0,1.46553,0.0987,0.108,,0,29.05323581,1.956667127,2.141033938,,31.00990294,,,44235,MM017,0.2524,4.7796,19.93660856,0,0.9641,0.0825,0.0631,,0,19.22088431,1.644770206,1.258,,20.86565452,,223
44237,MM029,0.2519,4.7761,19.96030171,0,1.3008,0.0424,0.06,,0,25.96436046,0.846316792,1.197618102,,26.81067725,,,44237,MM028,0.2522,4.7797,19.9520222,0,0.86183,0.0771,0.0657,,0,17.1952513,1.538300912,1.310847859,,18.73355221,,225
44239,MM038,0.2513,4.7774,20.01074413,0.00025,1.30975,0.0393,0.0738,,0.005002686,26.20907212,0.786422244,1.476792917,,27.00049706,,,44239,MM037,0.2505,4.7687,20.03672655,0.00235,0.90565,0.0736,0.121,,0.047086307,18.1462614,1.474703074,2.424443912,,19.66805078,,227
44242,MM050,0.2505,4.7732,20.05469062,0,1.32411,0.0683,0.118,,0,26.5546164,1.369735369,2.366453493,,27.92435176,,,44242,MM049,0.2511,4.7695,19.99442453,0.00556,1.03444,0.0485,0.063,,0.111169,20.68303251,0.96972959,1.259648746,,21.7639311,,230
44244,MM058,0.2524,4.7693,19.89580032,0,1.1418,0.0392,0.076,,0,22.7170248,0.779915372,1.512080824,,23.49694017,,,44244,MM057,0.2537,4.7765,19.82735514,0.00416,1.09584,0.0187,0.0678,,0.082481797,21.72760886,0.370771541,1.344294679,,22.1808622,,232
44246,MM068,0.2507,4.7726,20.03709613,0,1.0100785,0.0607,0.0777,,0,20.23904,1.216251735,1.556882369,,21.45529174,,,44246,MM067,0.2524,4.7707,19.90134707,0.00535,1.00465,0.0534,0.0568,,0.106472207,19.99388833,1.062731933,1.130396513,,21.16309247,,234
44249,MM080,0.2506,4.7704,20.03591381,0.141,0.889,0.033,0.0207,,2.825063847,17.81192737,0.661185156,0.414743416,,21.29817638,,,44249,MM079,0.2503,4.7739,20.07271274,0.156,0.884,0.0293,0.0192,,3.131343188,17.74427807,0.588130483,0.385396085,,21.46375174,,237
44251,MM090,0.2511,4.7775,20.02628435,0.00193,0.66807,0.235,0.0666,,0.038650729,13.37895978,4.706176822,1.333750538,,18.12378734,,,44251,MM089,0.2509,4.7688,20.00677561,0.0155,0.8745,0.0616,0.0227,,0.310105022,17.49592527,1.232417377,0.454153806,,19.03844767,,239
44253,MM097,0.2525,4.7718,19.89821782,0.00755,0.68245,0.0885,0.0269,,0.150231545,13.57953875,1.760992277,0.535262059,,15.49076257,,,44253,MM096,0.2529,4.7737,19.87584025,0.0163,0.7417,0.116,0.0313,,0.323976196,14.74191072,2.305597469,0.6221138,,17.37148438,,241
44256,MM102,0.2503,4.773,20.06911706,0.0128,0.5602,0.045,0.136,,0.256884698,11.24271938,0.903110268,2.72939992,,12.40271434,,,44256,MM101,0.2511,4.7736,20.01075269,0.0105,0.6255,0.0969,0.0215,,0.210112903,12.51672581,1.939041935,0.430231183,,14.66588065,,244
44258,MM111,0.25,4.7736,20.0944,0.00996,0.47004,0.0717,0.148,,0.200140224,9.445171776,1.44076848,2.9739712,,11.08608048,,,44258,MM110,0.2501,4.777,20.10035986,0.0115,0.5175,0.0773,0.0242,,0.231154138,10.40193623,1.553757817,0.486428709,,12.18684818,,246
44260,MM120,0.252,4.7744,19.94603175,0,0.50193,0.0533,0.138,,0,10.01151171,1.063123492,2.752552381,,11.07463521,,,44260,MM119,0.2528,4.7754,19.89003165,0.0184,0.5386,0.111,0.024,,0.365976582,10.71277104,2.207793513,0.477360759,,13.28654114,,248
44263,MM132,0.2509,4.7776,20.04184934,0,0.38851,0.0713,0.0297,,0,7.786458888,1.428983858,0.595242925,,9.215442746,,,44263,MM131,0.2526,4.7713,19.88875693,0.00974,0.42026,0.152,0.0635,,0.193716492,8.358448987,3.023091053,1.262936065,,11.57525653,,251
44265,MM143,0.2523,4.7715,19.91200951,0,0.32641,0.0923,0.038,,0,6.499479025,1.837878478,0.756656361,,8.337357503,,,44265,MM142,0.2517,4.7683,19.94437823,0.00964,0.38636,0.152,0.0771,,0.192263806,7.705709972,3.031545491,1.537711561,,10.92951927,,253
44267,MM150,0.2513,4.7764,20.00676482,0,0.2866,0.346,0.0542,,0,5.733938798,6.922340629,1.084366653,,12.65627943,,,44267,MM149,0.2523,4.7719,19.91359493,0.00591,0.39609,0.0456,0.0212,,0.117689346,7.887575815,0.908059929,0.422168212,,8.913325089,,255
44270,MM157,0.2454,4.7631,20.40953545,0.00553,0.33547,0.666,0.164,,0.112864731,6.846786858,13.59275061,3.347163814,,20.5524022,,,44270,MM156,0.2473,4.7627,20.25879499,0.0175,0.4515,0.106,0.0573,,0.354528912,9.146845936,2.147432268,1.160828953,,11.64880712,,258
44272,MM166,0.2487,4.7766,20.20627262,0.0532,0.5028,0.196,0.177,,1.074973703,10.15971387,3.960429433,3.576510253,,15.19511701,,,44272,MM165,0.249,4.7765,20.18273092,0.00763,0.54937,0.0883,0.125,,0.153994237,11.08778689,1.782135141,2.522841365,,13.02391627,,260
44274,MM176,0.2471,4.7769,20.33184945,0.172,0.692,0.0752,0.166,,3.497078106,14.06963982,1.528955079,3.375087009,,19.09567301,,,44274,MM175,0.2488,4.7722,20.18086817,0.0455,0.6095,0.0401,0.12,,0.918229502,12.30023915,0.809252814,2.42170418,,14.02772146,,262
44277,MM183,0.2505,4.7706,20.04431138,0.0373,0.5477,0.134,0.102,,0.747652814,10.97826934,2.685937725,2.04451976,,14.41185988,,,44277,MM182,0.274,4.7775,18.43613139,0.0289,0.4451,0.157,0.0948,,0.532804197,8.20592208,2.894472628,1.747745255,,11.63319891,,265
44279,MM194,0.2521,4.7794,19.95834986,0,0.5521,0.0543,0.0768,,0,11.01900496,1.083738397,1.532801269,,12.10274336,,,44279,MM193,0.2529,4.7649,19.84104389,0,0.4582,0.0457,0.0964,,0,9.091166311,0.906735706,1.912676631,,9.997902017,,267
44281,MM203,0.2519,4.7751,19.95633188,0.00244,0.58869,0.05334,0.09415,,0.04869345,11.74809301,1.064470742,1.878888646,,12.86125721,,,44281,MM202,0.2543,4.772,19.76523791,0.02511,0.45437,0.05059,0.08491,,0.496305124,8.980731148,0.999923386,1.678266351,,10.47695966,,269
44284,MM213,0.2561,4.7717,19.63217493,0.00365,0.70838,0.04153,0.09492,,0.071657439,13.90704008,0.815324225,1.863486045,,14.79402174,,,44284,MM212,0.2562,4.7706,19.6206089,0.00697,0.57691,0.04211,0.07492,,0.136755644,11.31932548,0.826223841,1.469976019,,12.28230496,,272
44286,MM223,0.2524,4.775,19.91838352,0,0.73673,0.04819,0.09029,,0,14.67447069,0.959866902,1.798430848,,15.63433759,,,44286,MM222,0.2526,4.7668,19.8709422,0,0.59432,0.04984,0.05934,,0,11.80969837,0.990367759,1.17914171,,12.80006613,,274
44288,MM232,0.2521,4.7702,19.92185641,0.00812,0.761,0.03959,0.02918,,0.161765474,15.16053273,0.788706295,0.58131977,,16.11100449,,,44288,MM231,0.2505,4.7725,20.05189621,0.00809,0.62465,0.0629,0.02335,,0.16221984,12.52541697,1.261264271,0.468211776,,13.94890108,,276
44291,MM245,0.2522,4.7784,19.94686757,0.02221,0.84353,0.04793,0.12199,,0.443019929,16.8257812,0.956053362,2.433318374,,18.22485449,,,44291,MM244,0.2523,4.7786,19.94015061,0.01905,0.70034,0.06245,0.11105,,0.379859869,13.96488508,1.245262406,2.214353726,,15.59000736,,279
44293,MM256,0.2522,4.7702,19.91435369,0.01145,0.65404,0.02084,0.09596,,0.22801935,13.02478389,0.415015131,1.91098138,,13.66781837,,,44293,MM255,0.2531,4.7698,19.84551561,0.01079,0.58494,0.0207,0.09052,,0.214133113,11.6084359,0.410802173,1.796416073,,12.23337119,,281
44295,MM265,0.2511,4.7699,19.99601752,0.0106,0.6764,0.0139,0.0735,,0.211957786,13.52530625,0.277944644,1.469707288,,14.01520868,,,44295,MM264,0.2512,4.7756,20.0111465,0.00223,0.59677,0.045,0.0657,,0.044624857,11.94205189,0.900501592,1.314732325,,12.88717834,,283
44298,MM276,0.2512,4.7729,20.00039809,0.0026,0.7474,0.0765,0.0483,,0.052001035,14.94829753,1.530030454,0.966019228,,16.53032902,,,44298,MM275,0.2526,4.7715,19.88954869,0.00391,0.66909,0.0494,0.0393,,0.077768135,13.30789814,0.982543705,0.781659264,,14.36820998,,286
44300,MM283,0.2525,4.7761,19.91524752,0.00743,0.76357,0.0222,0.0402,,0.147970289,15.20668555,0.442118495,0.80059295,,15.79677434,,,44300,MM282,0.2509,4.7725,20.02152252,0.0647,0.6493,0.0444,0.0478,,1.295392507,12.99997457,0.8889556,0.957028776,,15.18432268,,288
44302,MM288,0.2515,4.77,19.96620278,0.00188,0.84012,0.1171,0.03367,,0.037536461,16.77400628,2.338042346,0.672262048,,19.14958509,,,44302,MM287,0.2535,4.7799,19.8556213,0.0633,0.7817,0.12179,0.06995,,1.256860828,15.52113917,2.418216118,1.38890071,,19.19621612,,290
44305,MM293,0.2515,4.773,19.97813121,0.00377,0.67023,0.11315,0.05881,,0.075317555,13.38994288,2.260525547,1.174913897,,15.72578598,,,44305,MM292,0.2505,4.7723,20.0510978,0,0.523,0.13196,0.01902,,0,10.48672415,2.645942866,0.38137188,,13.13266702,,293
44307,MM299,0.2527,4.7716,19.88246933,0.00409,0.77991,0.10465,0.02939,,0.0813193,15.50653666,2.080700416,0.584345774,,17.66855637,,,44307,MM298,0.2525,4.7725,19.9009901,0,0.556,0.12185,0,,0,11.0649505,2.424935644,0,,13.48988614,,295
44309,MM306,0.2525,4.7793,19.92792079,0.00875,0.83625,0.12661,0.09616,,0.174369307,16.66472376,2.523074051,1.916268863,,19.36216712,,,44309,MM305,0.2503,4.7734,20.07071514,0.011,0.56,0.15092,0.06648,,0.220777867,11.23960048,3.029072329,1.334301143,,14.48945068,,297
44313,MM312,0.2504,4.7739,20.06509585,0.0108,0.8922,0.12365,0.07933,,0.216703035,17.90207851,2.481049101,1.591764054,,20.59983065,,,44313,MM311,0.2527,4.7778,19.90700435,0.00827,0.61473,0.13256,0.06484,,0.164630926,12.23743279,2.638872497,1.290770162,,15.04093621,,301
44314,MM318,0.251,4.7761,20.02828685,0.0111,0.9349,0.12201,0.08813,,0.222313984,18.72444538,2.443651279,1.76509292,,21.39041064,,,44314,MM317,0.2511,4.7784,20.02986858,0.0101,0.6269,0.14437,0.06295,,0.202301673,12.55672461,2.891712127,1.260880227,,15.65073841,,302
44316,MM323,0.2529,4.7728,19.87228153,0.0159,0.9811,0.14852,0.05762,,0.315969276,19.49669541,2.951431253,1.145040862,,22.76409594,,,44316,MM322,0.2521,4.7779,19.95239984,0.0182,0.6788,0.17552,0.03612,,0.363133677,13.54368901,3.50204522,0.720680682,,17.40886791,,304
44321,MM331,0.2539,4.7772,19.81528161,0.00911,1.07089,0.1498,0.11603,,0.180517215,21.21998692,2.968329185,2.299167125,,24.36883332,,,44321,MM330,0.2509,4.7764,20.03706656,0.0241,0.8319,0.17585,0.10635,,0.482893304,16.66883567,3.523518155,2.130942029,,20.67524713,,309
44323,MM352,0.2504,4.7741,20.06589457,0.0202,1.3998,0.13076,0.23627,,0.40533107,28.08823922,2.623816374,4.74096891,,31.11738666,,,44323,MM351,0.2518,4.7689,19.93923749,0.0349,0.9511,0.16915,0.1245,,0.695879388,18.96420878,3.372722021,2.482435068,,23.03281019,,311
44326,MM381,0.2517,4.7789,19.98649186,0.00845,1.32155,0.12992,0.14546,,0.168885856,26.41314831,2.596645022,2.907235105,,29.17867919,,,44326,MM380,0.2516,4.7728,19.96979332,0.0332,1.0768,0.13825,0.15037,,0.662997138,21.50347345,2.760823927,3.002857822,,24.92729452,,314
44328,MM404,0.251,4.772,20.01195219,,,,,,,,,,,,,,44328,MM403,0.2513,4.7733,19.99442897,,,,,,,,,,,,,316
44330,MM416,0.2528,4.7767,19.89517405,,,,,,,,,,,,,,44330,MM415,0.2503,4.7911,20.14143028,,,,,,,,,,,,,318
44333,MM421,0.2514,4.7767,20.00039777,,,,,,,,,,,,,,44333,MM420,0.2535,4.7764,19.8418146,,,,,,,,,,,,,321
44335,MM426,0.2501,4.7771,20.1007597,,,,,,,,,,,,,,44335,MM425,0.2516,4.7723,19.96780604,,,,,,,,,,,,,323
44337,MM431,0.2513,4.7746,19.99960207,,,,,,,,,,,,,,44337,MM430,0.2503,4.7739,20.07271274,,,,,,,,,,,,,325
44340,MM436,0.2511,4.7729,20.00796495,,,,,,,,,,,,,,44340,MM435,0.2533,4.7727,19.84208448,,,,,,,,,,,,,328
44342,MM442,0.2506,4.7655,20.01636073,,,,,,,,,,,,,,44342,MM441,0.2508,4.7786,20.05342903,,,,,,,,,,,,,330
44344,MM447,0.2506,4.7798,20.07342378,0.0282,1.2718,0.0691,0.116,,0.566070551,25.52938037,1.387073583,2.328517159,,27.4825245,,,44344,MM446,0.2504,4.7731,20.06190096,0.0303,1.2497,0.117,0.132,,0.607875599,25.07135763,2.347242412,2.648170927,,28.02647564,,332
44347,MM452,0.2502,4.775,20.08473221,0.0292,1.3108,0,0.143,,0.586474181,26.32706699,0,2.872116707,,26.91354117,,,44347,MM451,0.2531,4.7796,19.88423548,0.047,1.333,0.125,0.146,,0.934559068,26.50568589,2.485529435,2.90309838,,29.9257744,,335
44349,MM459,0.2541,4.7718,19.77922078,0.0324,1.3876,0,0.137,,0.640846753,27.44564675,0,2.709753247,,28.08649351,,,44349,MM458,0.2509,4.7729,20.02311678,0.0599,1.4501,0.0177,0.148,,1.199384695,29.03552164,0.354409167,2.963421283,,30.5893155,,337
44351,MM465,0.2517,4.7789,19.98649186,0.0291,1.3509,0.588,0.13,,0.581606913,26.99975185,11.75205721,2.598243941,,39.33341597,,,44351,MM464,0.2516,4.7786,19.99284579,0.047,1.493,0.732,0.152,,0.939663752,29.84931876,14.63476312,3.03891256,,45.42374563,,339
44354,MM470,0.2518,4.7725,19.95353455,0.0308,1.4292,0.0807,0.145,,0.614568864,28.51759158,1.610250238,2.89326251,,30.74241068,,,44354,MM469,0.2505,4.7731,20.05429142,0.0469,1.7331,0,0.174,,0.940546267,34.75609246,0,3.489446707,,35.69663872,,342
44356,MM476,0.2513,4.7761,20.00557103,0.047,1.523,0.0168,0.162,,0.940261838,30.46848468,0.336093593,3.240902507,,31.74484011,,,44356,MM475,0.2504,4.7713,20.05471246,0.077,1.713,0.0235,0.195,,1.544212859,34.35372244,0.471285743,3.91066893,,36.36922105,,344
44358,MM481,0.2529,4.7729,19.87267695,,,,,,,,,,,,,,44358,MM480,0.2506,4.7793,20.07142857,,,,,,,,,,,,,346
44361,MM486,0.2509,4.7776,20.04184934,,,,,,,,,,,,,,44361,MM485,0.2535,4.7696,19.81499014,,,,,,,,,,,,,349
44363,MM491,0.2522,4.7791,19.94964314,,,,,,,,,,,,,,44363,MM490,0.2506,4.7737,20.0490822,,,,,,,,,,,,,351
44365,MM496,0.2513,4.7751,20.00159172,0.0603,1.5897,0.0695,0.185,,1.206095981,31.79653036,1.390110625,3.700294469,,34.39273697,,,44365,MM495,0.2504,4.7739,20.06509585,0.0377,1.7123,0.0412,0.178,,0.756454113,34.35746362,0.826681949,3.571587061,,35.94059968,,353
44368,MM501,0.2501,4.7677,20.06317473,0.0936,1.5364,0.116,0.209,,1.877913155,30.82506166,2.327328269,4.193203519,,35.03030308,,,44368,MM500,0.2509,4.7752,20.03228378,0.0661,1.6939,0.0729,0.188,,1.324133958,33.93268549,1.460353487,3.76606935,,36.71717294,,356
44370,MM506,0.2515,4.7739,19.98170974,0.119,1.631,0.121,0.201,,2.377823459,32.59016859,2.417786879,4.016323658,,37.38577893,,,44370,MM505,0.2515,4.7747,19.98489066,0.0893,1.7207,0.104,0.192,,1.784650736,34.38800135,2.078428628,3.837099006,,38.25108072,,358
44372,MM511,0.2509,4.7693,20.00876843,0.0202,1.7498,0,0.202,,0.404177122,35.01134301,0,4.041771224,,35.41552013,,,44372,MM510,0.2522,4.7717,19.92030135,0.0159,1.7841,0.045,0.194,,0.316732791,35.53980964,0.896413561,3.864538462,,36.75295599,,360
44375,MM516,0.2501,4.7782,20.10515794,0.0295,1.7605,0.0321,0.202,,0.593102159,35.39513055,0.64537557,4.061241903,,36.63360828,,,44375,MM515,0.2521,4.7697,19.91987307,0.0361,1.7839,0.0297,0.195,,0.719107418,35.53506156,0.59162023,3.884375248,,36.84578921,,363
44377,MM524,0.2517,4.7741,19.96742153,0.025,1.735,0.0398,0.19,,0.499185538,34.64347636,0.794703377,3.793810091,,35.93736528,,,44377,MM523,0.2544,4.778,19.78144654,0.0406,1.7894,0.0652,0.192,,0.80312673,35.39692044,1.289750314,3.798037736,,37.48979748,,365
44379,MM533,0.2533,4.7748,19.85037505,0.0326,1.6774,0.0369,0.188,,0.647122227,33.29701911,0.732478839,3.731870509,,34.67662017,,,44379,MM532,0.2506,4.7705,20.03631285,0.0354,1.7046,0.0259,0.189,,0.709285475,34.15389888,0.518940503,3.786863128,,35.38212486,,367
44382,MM544,0.2518,4.7736,19.9579031,0.0262,1.5738,0.0328,0.176,,0.522897061,31.4097479,0.654619222,3.512590945,,32.58726418,,,44382,MM543,0.2509,4.7756,20.03387804,0.0332,1.5968,0.0489,0.18,,0.665124751,31.99009645,0.979656636,3.606098047,,33.63487784,,370
44384,MM553,0.2513,4.7715,19.98726622,0.0265,1.5735,0.0239,0.176,,0.529662555,31.44996339,0.477695663,3.517758854,,32.45732161,,,44384,MM552,0.2505,4.7759,20.06546906,0.0339,1.6061,0.02,0.183,,0.680219401,32.22714986,0.401309381,3.671980838,,33.30867864,,372
44386,MM561,0.252,4.7795,19.96626984,0.00314,1.44686,0.0156,0.183,,0.062694087,28.88839718,0.31147381,3.653827381,,29.26256508,,,44386,MM560,0.2513,4.7749,20.00079586,0.0119,1.4881,0.0372,0.192,,0.238009471,29.76318432,0.744029606,3.840152805,,30.7452234,,374
44389,MM575,0.2534,4.7721,19.83228098,0.0185,1.4215,0.0384,0.19,,0.366897198,28.19158741,0.76155959,3.768133386,,29.3200442,,,44389,MM574,0.2504,4.7691,20.04592652,0.0274,1.4726,0.0218,0.198,,0.549258387,29.51963139,0.437001198,3.96909345,,30.50589097,,377
44391,MM583,0.2532,4.7736,19.85308057,0.0231,1.4369,0.0361,0.159,,0.458606161,28.52689147,0.716696209,3.15663981,,29.70219384,,,44391,MM582,0.2506,4.7732,20.04708699,0.0243,1.4957,0.0226,0.173,,0.487144214,29.98442801,0.453064166,3.468146049,,30.92463639,,379
44393,MM593,0.2511,4.7734,20.00995619,,,,,,,,,,,,,,44393,MM592,0.2527,4.7777,19.90660863,,,,,,,,,,,,,381
44396,MM604,0.2607,4.7745,19.3141542,,,,,,,,,,,,,,44396,MM603,0.2542,4.7716,19.77104642,,,,,,,,,,,,,384
44398,MM610,0.2505,4.7722,20.0506986,,,,,,,,,,,,,,44398,MM609,0.2508,4.7679,20.01076555,,,,,,,,,,,,,
