Date 1,Absorbance,Date 2,Cell Count (million per mL),pH,Temperature (C),D.O. (mg/L),Turbidity (NTU),TSS (g/L),NO3-N (mg/L),NH4-N (mg/L),ORP (MV),Conductivity (mS/cm),Total COD (mg/L),Soluable COD (mg/L),Date 3,Time,Vaisala.genericSensor1(min),Vaisala.genericSensor1(cur),Vaisala.genericSensor1(max),Vaisala.genericSensor2(min),Vaisala.genericSensor2(cur),Vaisala.genericSensor2(max),Vaisala.genericSensor3(min),Vaisala.genericSensor3(cur),Vaisala.genericSensor3(max),Vaisala.genericSensor4(min),Vaisala.genericSensor4(cur),Vaisala.genericSensor4(max),Vaisala.genericSensor5(min),Vaisala.genericSensor5(cur),Vaisala.genericSensor5(max),Vaisala.genericSensor6(min),Vaisala.genericSensor6(cur),Vaisala.genericSensor6(max),Vaisala.genericSensor7(min),Vaisala.genericSensor7(cur),Vaisala.genericSensor7(max),Vaisala.genericSensor8(min),Vaisala.genericSensor8(cur),Vaisala.genericSensor8(max),Vaisala.genericSensor9(min),Vaisala.genericSensor9(cur),Vaisala.genericSensor9(max),solar-radiation.genericSensor1(min),solar-radiation.genericSensor1(cur),solar-radiation.genericSensor1(max),solar-radiation.genericSensor2(min),solar-radiation.genericSensor2(cur),solar-radiation.genericSensor2(max)
25-Jul,0.64,25/07/2020 9:30,2.8,6.74,15.99,9.84,107.16,0.15,11.96,23.5,147.27,0.92,447,257,25-Jul,25/07/2020,25,79,325,0.1,2.1,2.1,16.6,16.6,16.6,92.5,92.5,93.1,1021,1021.2,1021.2,17.2,17.21,17.21,22520,22540,22540,0,0,0.5,0,0,0,113.15,188.55,199.5,-29999,-29999,-29999
26-Jul,0.55,26/07/2020 9:30,3.14,6.85,17.49,10.77,94.29,0.15,13.54,23.55,148.1,0.78,378,66,26-Jul,26/07/2020,212,248,327,0.9,2.4,4.6,17.6,18.3,18.3,85.4,86.1,88.9,1011.2,1011.2,1011.4,26.32,26.32,26.32,32740,32740,32740,0,0,0,0,0,0,176.1,431,772,-29999,-29999,-29999
27-Jul,0.58,27/07/2020 9:30,2,6.98,12.96,11.48,97.1,0.16,17.28,27.97,133.23,0.8,354,66,27-Jul,27/07/2020,140,226,346,0.7,2.7,7.1,16.2,16.9,16.9,54.7,55.7,58.4,1011.3,1011.3,1011.4,28.19,28.19,28.19,33620,33620,33620,0,0,0,0,0,0,484.2,670.45,676.45,-29999,-29999,-29999
28-Jul,0.57,28/07/2020 9:30,2.86,7.06,12.25,11.86,99.01,0.16,20.19,32.24,122.15,0.82,357,57,28-Jul,28/07/2020,53,256,348,0.3,2.3,3.7,16.4,16.8,16.8,45.3,46.2,48.5,1012.7,1012.7,1012.8,28.19,28.19,28.19,33620,33620,33620,0,0,0,0,0,0,532.95,567.3,575.85,-29999,-29999,-29999
29-Jul,0.6,29/07/2020 9:30,2.46,6.94,11.69,11.69,99.58,0.16,23.18,32.94,122.98,0.84,374,57,29-Jul,29/07/2020,17,256,344,0.4,2.8,4.7,16.5,16.9,16.9,53.5,53.8,54.9,1015.2,1015.2,1015.2,28.19,28.19,28.19,33620,33620,33620,0,0,0,0,0,0,532.05,577.4,587.1,-29999,-29999,-29999
30-Jul,0.6,30/07/2020 9:57,2.9,6.75,14.43,12.73,83.09,0.13,25.71,30.17,147.72,0.84,348,59,30-Jul,30/07/2020,0,55,356,0.2,2.8,3.6,19.1,19.4,19.5,48.9,48.9,51.8,1019.8,1019.8,1019.9,0,0,0,0,0,0,0,0,0,999999.999,0,-999999.999,572.4,604.4,607.35,20,-29999,4
31-Jul,0.58,31/07/2020 9:33,1.93,6.49,13.38,11.27,85.16,0.13,27.45,30.35,131.76,0.86,367,41,31-Jul,31/07/2020,11,74,357,0.3,4.4,6.7,17.4,17.9,17.9,50.1,50.1,51.7,1023.3,1023.3,1023.4,0.01,0.01,0.01,30,30,30,0,0,0,0,0,0,531.55,571.45,577.95,-29999,-29999,-29999
1-Aug,0.63,1/08/2020 9:33,3.19,6.45,14.03,12.13,86.7,0.13,28.08,31.68,140.09,0.88,360,134,1-Aug,1/08/2020,1,100,353,0.2,1.1,3.3,16.9,17.5,17.5,61.3,61.5,63.5,1025.2,1025.2,1025.3,0.01,0.01,0.01,30,30,30,0,0,0,0,0,0,320.5,596.5,596.9,-29999,-29999,-29999
2-Aug,0.65,2/08/2020 9:33,3.06,6.31,13.93,11.34,87.13,0.13,28.94,31.93,132.27,0.89,371,102,2-Aug,2/08/2020,17,72,342,0.2,2.1,2.7,17.4,18.1,18.1,61.1,61.1,63.7,1025.1,1025.1,1025.2,0.01,0.01,0.01,30,30,30,0,0,0,0,0,0,554.1,588.8,597.05,-29999,-29999,-29999
3-Aug,0.65,3/08/2020 9:33,2.58,6.22,14.4,10.66,87.66,0.13,30,31.78,130.67,0.9,397,72,3-Aug,3/08/2020,30,216,351,0.2,1.1,3.1,16.7,17.4,17.4,69.1,69.3,71.9,1021.4,1021.4,1021.5,0.01,0.01,0.01,30,30,30,0,0,0,0,0,0,222.3,701,869.3,-29999,-29999,-29999
4-Aug,0.6,4/08/2020 9:33,2.61,6.3,15.32,11.73,87.45,0.13,30.34,32.63,126.89,0.91,387,31,4-Aug,4/08/2020,0,52,358,0.2,0.5,2.4,17.1,17.4,17.4,64.2,64.2,66.2,1016.9,1017,1017,0.01,0.01,0.01,30,30,30,0,0,0,0,0,0,209.1,241.25,249.5,-29999,-29999,-29999
5-Aug,0.55,5/08/2020 9:33,2.68,6.42,14.05,12.12,87.87,0.14,30.79,32.26,119.58,0.93,372,49,5-Aug,5/08/2020,2,52,358,0.1,0.5,1.7,17.4,17.8,18.1,55.6,57,58.7,1015.3,1015.4,1015.4,0.01,0.01,0.01,30,30,30,0,0,0,0,0,0,533.3,573.35,577.15,-29999,-29999,-29999
13-Aug,0.56,13/08/2020 9:43,2.33,6.25,16.79,11.79,94.57,0.17,29.31,27.11,145.47,0.95,385,57,13-Aug,13/08/2020,0,303,355,0.1,1.4,2.8,19.3,19.6,19.6,66.5,67,69.9,1017.2,1017.2,1017.3,0,0,0,0,0,0,0,0,0,0,0,0,361.65,538.45,541.7,-29999,-29999,-29999
14-Aug,0.61,14/08/2020 9:43,2.96,5.97,18.35,10.26,96.23,0.17,31.25,26.49,154.96,0.95,365,59,14-Aug,14/08/2020,0,112,358,0.1,1,1.5,17.7,18.5,18.5,82.4,82.4,85.3,1016,1016,1016.1,0,0,0,0,0,0,0,0,0,0,0,0,206.65,401.55,405.25,-29999,-29999,-29999
15-Aug,0.58,15/08/2020 9:43,1.82,5.85,18.66,9.47,95.15,0.17,31.04,27.06,161.62,0.93,457,178,15-Aug,15/08/2020,0,305,356,0.1,0.8,3.6,19,19,19.1,83.8,83.8,86.8,1012.5,1012.5,1012.7,3.14,3.14,3.14,2500,2500,2500,0,0,0,0,0,0,204.65,227.75,402.2,-29999,-29999,-29999
16-Aug,0.58,16/08/2020 9:43,3.28,6.51,14.38,12.03,94.26,0.18,29.89,30.33,132.08,0.94,354,66,16-Aug,16/08/2020,204,253,340,0.8,2.5,5.4,18,18.3,18.3,50.1,51.1,53.7,1012.5,1012.6,1012.7,4.52,4.52,4.52,3870,3870,3870,0,0,0,0,0,0,549.65,592.5,595.95,-29999,-29999,-29999
17-Aug,0.54,17/08/2020 9:43,2.3,6.81,12.99,12.32,94.02,0.17,29.28,33.54,118.43,0.96,345,34,17-Aug,17/08/2020,199,265,310,1.1,2.7,7.4,17.1,17.3,17.3,40.6,41.8,43.1,1012.5,1012.6,1012.7,4.52,4.52,4.52,3870,3870,3870,0,0,0,0,0,0,462.15,592.3,593.95,-29999,-29999,-29999
18-Aug,0.58,18/08/2020 9:43,2.2,6.94,12.39,12.53,93.25,0.17,28.61,34.93,116.38,0.97,384,61,18-Aug,18/08/2020,0,280,358,0.1,1.2,2.1,18.7,19.2,19.2,34.9,38,38.8,1011.6,1011.6,1011.8,4.52,4.52,4.52,3870,3870,3870,0,0,0,0,0,0,551.7,592.95,599,-29999,-29999,-29999
19-Aug,0.56,19/08/2020 9:43,2.01,6.73,16.45,11.25,86.49,0.17,28.54,33.72,123.11,0.96,344,56,19-Aug,19/08/2020,226,273,293,2.2,4.1,9.2,22.7,22.8,23.1,31.4,31.6,34.5,1005.6,1005.7,1005.8,4.52,4.52,4.52,3870,3870,3870,0,0,0,0,0,0,169.45,521.3,694.9,-29999,-29999,-29999
20-Aug,0.52,20/08/2020 9:43,2.07,6.85,13.85,11.65,84.81,0.18,29.62,33.81,114.52,0.97,352,45,20-Aug,20/08/2020,189,295,295,1.1,3.2,6.6,18.7,18.9,18.9,30.6,31.4,32,1009.1,1009.1,1009.5,4.52,4.52,4.52,3870,3870,3870,0,0,0,0,0,0,533.55,587,591.05,-29999,-29999,-29999
21-Aug,0.48,21/08/2020 9:43,1.5,7.05,13.5,12.33,84.4,0.17,29.06,37.07,110.74,0.99,340,33,21-Aug,21/08/2020,116,252,341,0.7,3.1,6.2,17.7,19.1,19.1,32.8,33.4,41.1,1014.1,1014.3,1014.3,4.52,4.52,4.52,3870,3870,3870,0,0,0,0,0,0,565.65,608.55,612.9,-29999,-29999,-29999
22-Aug,0.58,22/08/2020 9:43,2.38,7.14,13.46,11.95,81.2,0.18,30.85,37.48,103.63,1,381,78,22-Aug,22/08/2020,222,251,305,1.7,5.9,9,18.6,18.7,18.9,30.7,31.8,32.6,1011.9,1011.9,1012.1,4.52,4.52,4.52,3870,3870,3870,0,0,0,0,0,0,340.35,362.15,761.2,-29999,-29999,-29999
23-Aug,0.58,23/08/2020 9:43,1.7,7.23,10.79,11.77,85.43,0.18,28.81,43.52,15.25,1.02,345,61,23-Aug,23/08/2020,222,286,334,1.6,5.1,8.2,15,15.3,15.4,30.8,31.5,32.6,1015.3,1015.4,1015.5,4.52,4.52,4.52,3870,3870,3870,0,0,0,0,0,0,573.9,608.35,616.65,-29999,-29999,-29999
24-Aug,0.54,24/08/2020 9:37,1.7,7.35,10.5,11.22,92.76,0.18,27.87,50.74,-18.58,1.04,361,59,24-Aug,24/08/2020,57,310,312,1.2,3,8.4,16.2,16.6,16.6,30,30.5,31.3,1019.9,1020,1020.1,0,0,0,0,0,0,0,0,0,0,0,0,108.1,621.3,628.65,-29999,-29999,-29999
25-Aug,0.49,25/08/2020 9:37,1.73,7.37,11.83,10.82,82.03,0.24,26.02,55.52,109.33,1.04,359,72,25-Aug,25/08/2020,1,94,357,0.2,2.7,3.4,17,17.1,17.2,39.4,40.7,41.2,1024.9,1024.9,1024.9,0,0,0,0,0,0,0,0,0,0,0,0,375.75,531.05,538.3,-29999,-29999,-29999
26-Aug,0.44,26/08/2020 9:36,1.5,7.4,12.91,9.72,76.55,0.25,26.2,57.27,119.33,1.04,353,64,26-Aug,26/08/2020,72,112,128,0.8,5.4,5.7,16.9,17.8,17.8,59.5,60.3,62.6,1027.1,1027.1,1027.2,0,0,0,0,0,0,0,0,0,0,0,0,196.75,379.9,810.85,-29999,-29999,-29999
31-Aug,0.7,31/08/2020 9:36,4.1,6.96,15.69,11.54,85.06,0.18,29.08,37.84,221.93,0.99,401,66,31-Aug,31/08/2020,0,257,357,0.2,1.5,3.1,19.5,20,20,54.5,54.9,56,1022.3,1022.3,1022.4,0.25,0.25,0.25,290,290,290,0,0,0,0,0,0,506.3,623.1,630.45,-29999,-29999,-29999
1-Sep,0.73,1/09/2020 9:36,3.5,6.84,17.1,8.28,86.51,0.17,29.36,34.84,230.64,0.98,407,57,1-Sep,1/09/2020,0,27,356,0.1,1.3,3.8,20.5,20.9,21,55.4,56,58.2,1020.8,1020.9,1020.9,0.25,0.25,0.25,290,290,290,0,0,0,0,0,0,567.15,611.55,617.8,-29999,-29999,-29999
2-Sep,0.75,2/09/2020 9:32,3.82,6.79,17.99,11.44,87.82,0.17,29.75,34.57,227.95,0.98,432,74,2-Sep,2/09/2020,2,171,356,0.3,1.5,3.5,21.9,22.3,22.3,59.8,61.6,62.3,1024.5,1024.6,1024.8,0,0,0,0,0,0,0,0,0,0,0,0,297.9,593.2,790.05,-29999,-29999,-29999
3-Sep,0.74,3/09/2020 9:32,3.4,6.74,19.14,11.12,89.72,0.17,31.06,33.31,220.52,0.99,457,101,3-Sep,3/09/2020,0,2,358,0.1,1.4,2.7,21.1,22.3,22.3,60,60,66.9,1024.4,1024.4,1024.4,0,0,0,0,0,0,0,0,0,0,0,0,397.35,476.75,978.45,-29999,-29999,-29999
4-Sep,0.74,4/09/2020 9:32,4.4,6.57,19.43,0.48,82.78,0.17,32.27,33.31,209.3,1,423,91,4-Sep,4/09/2020,0,64,358,0.1,1.2,2.2,21.4,21.4,21.5,64.4,65.8,66.2,1023.2,1023.2,1023.2,0,0,0,0,0,0,0,0,0,0,0,0,309.95,324.4,365.65,-29999,-29999,-29999
5-Sep,0.65,5/09/2020 9:32,3,6.52,18.76,0,79.51,0.17,32.42,34.55,193.54,1.01,413,82,5-Sep,5/09/2020,2,245,358,0.2,3.1,3.8,22.1,22.1,22.4,55.5,56.2,58.7,1019.3,1019.4,1019.4,0,0,0,0,0,0,0,0,0,0,0,0,552.5,623.8,627.1,-29999,-29999,-29999
6-Sep,0.62,6/09/2020 9:32,2.7,5.92,20.13,6.81,79.87,0.18,34.93,29.96,189.05,1.01,364,59,6-Sep,6/09/2020,70,99,120,2.1,5.5,6.3,21.8,21.8,22.1,66.9,71.2,71.2,1022.3,1022.5,1022.5,0,0,0,0,0,0,0,0,0,0,0,0,315.2,360.2,799.9,-29999,-29999,-29999
7-Sep,0.56,7/09/2020 9:32,2.4,5.95,18.03,8.99,77.69,0.19,33.71,30.03,172.2,1,420,69,7-Sep,7/09/2020,70,90,124,2.5,4.5,9.5,20.7,20.8,20.9,61.2,62.5,63.3,1028.8,1028.9,1029,0.96,0.96,0.96,1930,1930,1930,0,0,0,0,0,0,635.5,675.9,681.1,-29999,-29999,-29999
8-Sep,0.59,8/09/2020 9:32,2.5,6.65,16.72,14.12,81.76,0.18,34.01,32.48,137.91,1.02,410,78,8-Sep,8/09/2020,65,86,123,1.9,3,6.6,20,20.2,20.2,64.8,66.9,68.7,1029.6,1029.6,1029.7,0.96,0.96,0.96,1930,1930,1930,0,0,0,0,0,0,293.75,872.2,925.6,-29999,-29999,-29999
9-Sep,0.61,9/09/2020 9:32,2.81,6.52,17.91,0.78,79.27,0.17,34.81,32.2,135.09,1.02,420,71,9-Sep,9/09/2020,61,68,111,1,2.5,5.1,20.6,20.7,20.9,45.8,46.9,48.4,1024.6,1024.6,1024.7,0.96,0.96,0.96,1930,1930,1930,0,0,0,0,0,0,338.75,521.85,877.6,-29999,-29999,-29999
10-Sep,0.61,10/09/2020 9:32,3,5.33,17.21,0,73.88,0.15,34.32,26.44,275.25,1.04,420,100,10-Sep,10/09/2020,10,245,354,0.2,1.1,3,20,20.2,20.2,56.5,56.5,58.2,1020.6,1020.6,1020.7,0.96,0.96,0.96,1930,1930,1930,0,0,0,0,0,0,193.5,482,524.5,-29999,-29999,-29999
11-Sep,0.62,11/09/2020 9:40,3.1,5.05,16.75,6.28,79.52,0.15,51.08,11.31,289.22,1.05,440,104,11-Sep,11/09/2020,68,107,124,2.8,8.3,10.2,20,20,20.4,57.9,61,61.1,1024.1,1024.2,1024.2,0,0,0,0,0,0,0,0,0,0,0,0,243.35,426.35,853.2,-29999,-29999,-29999
12-Sep,0.61,12/09/2020 9:40,2.7,6.43,15.74,9.74,80.91,0.15,51.29,13.23,141.18,1.07,430,100,12-Sep,12/09/2020,64,92,129,1.4,5,7.8,20.2,20.3,20.4,53.3,56.4,58.3,1026.6,1026.6,1026.6,0.02,0.02,0.02,70,70,70,0,0,0,0,0,0,679,715.25,720.6,-29999,-29999,-29999
13-Sep,0.62,13/09/2020 9:40,2.8,6.49,17.2,10.7,79.17,0.15,51.71,13.03,193.22,1.08,510,93,13-Sep,13/09/2020,67,77,127,1.7,3.3,5.5,20,20.2,20.2,69,70.1,71,1025.5,1025.5,1025.6,0.02,0.02,0.02,70,70,70,0,0,0,0,0,0,680.4,722.95,725.25,-29999,-29999,-29999
14-Sep,0.56,14/09/2020 9:40,2.1,6.7,17.63,14.39,49.53,0.13,55.89,13.49,63.19,1.08,410,88,14-Sep,14/09/2020,0,354,354,0.1,0.3,2.9,21.7,22.2,22.2,58.4,60.6,61.6,1024.2,1024.2,1024.3,0.02,0.02,0.02,70,70,70,0,0,0,0,0,0,626.35,680.6,684.2,-29999,-29999,-29999
15-Sep,0.1,15/09/2020 9:40,0.4,6.18,18.92,5.51,22.78,0.17,55.64,10.79,198.28,1.07,300,85,15-Sep,15/09/2020,61,84,126,1.8,2.7,5.3,21.3,21.5,21.5,63.5,68.5,68.5,1026.5,1026.6,1026.6,0.02,0.02,0.02,70,70,70,0,0,0,0,0,0,666.5,709.4,712.05,-29999,-29999,-29999
16-Sep,0.1,16/09/2020 9:40,0.3,6.69,18.28,4.16,15.69,0.24,60.4,8.71,255.77,1.08,200,83,16-Sep,16/09/2020,6,94,175,0.3,1.9,3.8,20.6,21,21.1,61.3,61.3,66.1,1026.5,1026.5,1026.5,0.02,0.02,0.02,70,70,70,0,0,0,0,0,0,341.8,731.2,964.85,-29999,-29999,-29999
17-Sep,0.36,17/09/2020 9:40,1.3,6.62,18.94,9.37,37.42,0.13,67.56,7.58,246.79,1.09,250,90,17-Sep,17/09/2020,35,68,130,0.3,1,2.9,21.4,21.9,22,59.4,59.4,62.6,1025.2,1025.2,1025.2,0.02,0.02,0.02,70,70,70,0,0,0,0,0,0,669.4,733.95,735.85,-29999,-29999,-29999
18-Sep,0.86,18/09/2020 9:40,3.9,6.59,20.14,0.07,134.07,0.23,57.3,9.61,194.76,1.09,580,78,18-Sep,18/09/2020,52,118,133,1.9,4.1,6.3,22.1,22.1,22.4,64.5,65.5,67.7,1026.7,1026.7,1026.8,0.06,0.06,0.06,110,110,110,0,0,0,0,0,0,664.55,725,729.7,-29999,-29999,-29999
19-Sep,0.87,19/09/2020 9:40,4.02,6.76,20.21,0,125.08,0.21,56.05,10.27,157.01,1.1,590,105,19-Sep,19/09/2020,35,83,276,0.8,3.3,7,22.2,22.6,22.6,53,53,57.6,1025.4,1025.4,1025.6,0.21,0.21,0.21,240,240,240,0,0,0,0,0,0,295.85,716.6,723,-29999,-29999,-29999
20-Sep,0.86,20/09/2020 9:40,4.25,6.79,20.84,0,121.84,0.22,57.28,11.46,105.29,1.11,540,87,20-Sep,20/09/2020,0,53,355,0.2,2,3,23.3,24,24,63.9,63.9,67.8,1019.7,1019.7,1019.9,0.25,0.25,0.25,350,350,350,0,0,0,0,0,0,486.4,746.35,785.7,-29999,-29999,-29999
21-Sep,0.74,21/09/2020 9:40,3.5,6.87,22.09,1.45,114.59,0.22,58.83,12.14,108.75,1.11,490,89,21-Sep,21/09/2020,0,257,356,0.1,1.2,3.3,24.2,24.6,24.7,60.3,60.9,63.7,1017.5,1017.7,1017.7,0.25,0.25,0.25,350,350,350,0,0,0,0,0,0,663.95,710.75,714.65,-29999,-29999,-29999
22-Sep,0.58,22/09/2020 9:40,3,7,23.35,4.66,94.71,0.23,59.7,12.95,99.46,1.11,400,86,22-Sep,22/09/2020,14,225,355,0.2,1.8,4.1,24.5,25.3,25.4,66.9,67.8,70.5,1015.3,1015.3,1015.4,0.25,0.25,0.25,350,350,350,0,0,0,0,0,0,326.7,430.85,978.95,-29999,-29999,-29999
23-Sep,0.26,23/09/2020 9:40,0.9,6.95,22.35,0.01,56.67,0.3,60.48,14.47,71.26,1.12,300,61,23-Sep,23/09/2020,183,242,357,0.2,1.7,3.1,25,25,25.2,45.5,45.5,47.3,1015.1,1015.1,1015.3,0.25,0.25,0.25,350,350,350,0,0,0,0,0,0,129.7,266.15,271.25,-29999,-29999,-29999
24-Sep,0.19,24/09/2020 9:40,0.8,6.81,20.17,0,49.1,0.34,62.45,12.1,158.48,1.11,270,81,24-Sep,24/09/2020,14,209,357,0.2,0.7,3.9,24.3,24.4,24.9,22.9,23.7,25.8,1015.5,1015.6,1015.7,0.38,0.38,0.38,460,460,460,0,0,0,0,0,0,706.1,743.5,758.55,-29999,-29999,-29999
25-Sep,0.46,25/09/2020 9:40,2.2,6.91,19.34,1.63,87.19,0.23,59.26,11.86,162.33,1.1,370,89,25-Sep,25/09/2020,0,81,358,0.1,1.9,2.8,22.7,23.2,23.3,57.5,59.3,60.3,1013.7,1013.7,1013.9,0.38,0.38,0.38,460,460,460,0,0,0,0,0,0,685.5,726.7,732.65,-29999,-29999,-29999
26-Sep,0.49,26/09/2020 9:41,1.61,6.87,16.63,6.35,84.76,0.22,63.14,11.85,163.29,1.1,360,71,26-Sep,26/09/2020,67,261,346,0.7,5.7,8.9,19,19.2,19.3,27.2,27.2,28.7,1014.7,1014.8,1014.8,0.78,0.78,0.78,1120,1120,1120,0,0,0,0,0,0,672.15,748,748.2,-29999,-29999,-29999
27-Sep,0.84,27/09/2020 9:41,2,7.15,13.33,8.1,86.58,0.22,59.84,14.32,167.84,1.13,380,98,27-Sep,27/09/2020,4,101,354,0.3,1.3,4.5,20.1,20.5,20.6,19.2,19.2,20.8,1021.4,1021.4,1021.5,0.78,0.78,0.78,1120,1120,1120,0,0,0,0,0,0,739.65,779,786.8,-29999,-29999,-29999
28-Sep,0.47,28/09/2020 9:41,1.9,7.05,15.72,5.91,83.43,0.22,60.52,15.22,156.95,1.12,329,85,28-Sep,28/09/2020,63,114,126,1.8,4.5,6.6,19.3,19.8,19.8,55.8,56.8,58.5,1024.7,1024.8,1024.9,0.78,0.78,0.78,1120,1120,1120,0,0,0,0,0,0,686.75,734.1,740.55,-29999,-29999,-29999
29-Sep,0.43,29/09/2020 9:44,1.5,6.92,17.55,7.03,79.22,0.21,61.63,15.11,135.54,1.11,328,89,29-Sep,29/09/2020,66,80,117,2.2,5.9,8.9,20.6,20.6,20.8,48.4,50.5,52.7,1025.1,1025.1,1025.2,0,0,0,0,0,0,0,0,0,0,0,0,270.4,800.2,975.15,-29999,-29999,-29999
30-Sep,0.45,30/09/2020 9:44,1.8,6.94,16.87,10.66,78.02,0.2,51.05,10.07,153.87,0.98,350,62,30-Sep,30/09/2020,4,99,358,0.3,2.8,4.6,21.4,21.9,22,43,43.9,44.4,1021.6,1021.6,1021.6,0,0,0,0,0,0,0,0,0,0,0,0,411.4,839.8,880,-29999,-29999,-29999
1-Oct,0.42,1/10/2020 9:44,1.75,6.79,18.83,10.43,71.83,0.21,60.53,9.99,138.1,0.98,310,100,1-Oct,1/10/2020,4,17,357,0.3,1.6,3.2,22.8,22.8,23.6,48.5,51.7,51.7,1019.4,1019.4,1019.7,0,0,0,0,0,0,0,0,0,0,0,0,707.9,750.25,758.7,-29999,-29999,-29999
2-Oct,0.36,2/10/2020 9:44,1,6.84,20.61,9.87,71.85,0.22,55.18,12.63,142.14,0.98,265,64,2-Oct,2/10/2020,2,82,358,0.1,0.7,2.9,23.2,23.8,23.9,55.4,56,57.6,1022.7,1022.7,1022.8,0,0,0,0,0,0,0,0,0,0,0,0,642.8,740.75,748.25,-29999,-29999,-29999
3-Oct,0.34,3/10/2020 9:41,1.6,6.81,20.32,8.58,63.51,0.24,52.31,15.37,132.27,0.99,310,107,3-Oct,3/10/2020,5,77,305,0.7,1.7,4.9,21.7,22.8,22.8,65.1,65.3,67.9,1026.9,1026.9,1027,0,0,0,0,0,0,0,0,0,0,0,0,281.5,761.6,998.75,-29999,-29999,-29999
4-Oct,0.29,4/10/2020 9:41,1.36,6.82,19.46,9.01,59.85,0.25,49.89,17.53,158.42,1,280,83,4-Oct,4/10/2020,4,82,354,0.4,3,4.2,23.4,23.7,23.9,44.8,44.8,47,1025.5,1025.6,1025.7,0,0,0,0,0,0,0,0,0,0,0,0,754.05,792.35,801.45,-29999,-29999,-29999
5-Oct,0.19,5/10/2020 9:30,0.58,5.94,19.99,8.68,52.4,0.29,52.65,15.41,221.99,1.01,270,90,5-Oct,5/10/2020,4,317,354,0.2,1.9,2.3,23.5,23.9,24.3,39.4,40.5,42.3,1022.8,1022.8,1023,0,0,0,0,0,0,0,0,0,0,0,0,745.35,779.35,784.45,-29999,-29999,-29999
6-Oct,0.13,6/10/2020 9:30,0.3,5.92,21.43,8.04,51.77,0.26,55.27,16.53,213.79,1.05,470,25,6-Oct,6/10/2020,9,85,306,0.4,2.7,4.1,23.5,24,24.1,55.8,57.2,58.8,1020.1,1020.1,1020.1,0.35,0.35,0.35,170,170,170,0,0,0,0,0,0,778.55,869,876.2,-29999,-29999,-29999
7-Oct,0.33,7/10/2020 9:30,0.3,7.47,20.11,7.37,49.09,0.41,57.93,16.86,158.1,1.16,239,119,7-Oct,7/10/2020,18,78,352,0.5,3.6,4.6,22.9,22.9,23.6,52.9,54.5,54.5,1019.8,1019.9,1020,0.35,0.35,0.35,170,170,170,0,0,0,0,0,0,323.6,351.15,772.1,-29999,-29999,-29999
8-Oct,0.12,8/10/2020 9:30,0.35,7.02,20.18,7.54,42.75,0.47,57.95,13.66,207.89,1.13,209,97,8-Oct,8/10/2020,2,236,358,0.3,1.4,5.5,23.2,23.5,23.7,50.3,51.1,52.4,1017.3,1017.4,1017.5,0.35,0.35,0.35,170,170,170,0,0,0,0,0,0,742.1,779.95,780.2,-29999,-29999,-29999
9-Oct,0.06,9/10/2020 9:30,0.3,6.71,20.96,6.7,36.49,0.54,57.78,11.99,176.75,1.11,179,88,9-Oct,9/10/2020,4,291,356,0.2,1.4,3.2,23.9,24.3,24.3,54.7,55.9,56.7,1014.8,1014.8,1015,0.35,0.35,0.35,170,170,170,0,0,0,0,0,0,613.85,772.6,778.7,-29999,-29999,-29999
10-Oct,0.07,10/10/2020 9:30,2,6.49,20.89,6.84,27.13,0.5,53.2,11.89,199.95,1.09,253,95,10-Oct,10/10/2020,62,100,128,1.6,4.3,8.2,23.6,23.9,24,47.8,49.4,50.4,1018.6,1018.6,1018.6,0.36,0.36,0.36,190,190,190,0,0,0,0,0,0,754,788.05,794.1,-29999,-29999,-29999
11-Oct,0.08,11/10/2020 9:30,0.23,6.29,20.58,7.89,28.82,0.51,55.39,10.53,215.78,1.09,147,115,11-Oct,11/10/2020,7,89,349,0.4,3.8,4.6,23.3,23.4,24,52.5,55.8,55.9,1021.7,1021.7,1021.7,0.36,0.36,0.36,190,190,190,0,0,0,0,0,0,395.8,839.8,851,-29999,-29999,-29999
12-Oct,0.05,12/10/2020 9:30,0.18,6.29,20.59,7.93,31.14,0.14,56.74,10.29,217.51,1.1,135,79,12-Oct,12/10/2020,65,111,136,1.3,2.2,4.5,22.5,22.7,23.1,56.9,60.2,60.4,1022.4,1022.4,1022.4,0.36,0.36,0.36,190,190,190,0,0,0,0,0,0,284.95,390.95,629.05,-29999,-29999,-29999
13-Oct,0.03,13/10/2020 9:30,0.21,6.84,20.26,10.01,36.26,0.21,51.51,10.25,255.32,1.08,68,24,13-Oct,13/10/2020,67,85,122,2.1,5.2,6.2,23.1,23.3,23.4,48.2,48.3,49.9,1021.7,1021.7,1021.8,0.36,0.36,0.36,190,190,190,0,0,0,0,0,0,368.05,828.6,899,-29999,-29999,-29999
14-Oct,0.03,14/10/2020 9:30,0.35,6.84,18.82,9.28,28.01,0.24,49.93,9.47,253.07,1.07,34,20,14-Oct,14/10/2020,33,75,194,0.6,1.5,5,19.4,19.4,20.2,72.2,73.3,75.5,1022.5,1022.6,1022.7,0.78,0.78,0.78,560,560,560,0,0,0,0,0,0,142.15,142.45,291.15,-29999,-29999,-29999
16-Oct,0.02,16/10/2020 9:30,0.7,6.87,20.15,10.37,21.16,0.21,55.11,9.53,263.65,1.1,26,20,16-Oct,16/10/2020,0,240,358,0.5,1.5,3.6,23.8,24,24.3,52.5,53.4,54.6,1018.1,1018.1,1018.2,0.9,0.9,0.9,720,720,720,0,0,0,0,0,0,774.3,810.2,817.5,-29999,-29999,-29999
17-Oct,0.11,17/10/2020 9:30,0.92,6.72,22.12,10.65,36.25,0.23,59.26,8.17,255.57,1.1,42,10,17-Oct,17/10/2020,0,304,357,0.2,0.9,3.2,24.1,24.1,24.2,54.5,56.4,56.9,1018.3,1018.3,1018.4,0.96,0.96,0.96,740,740,740,0,0,0,0,0,0,728.5,783.6,802.2,-29999,-29999,-29999
18-Oct,0.11,18/10/2020 9:30,1.2,7.14,21.48,11.68,32.47,0.22,59.2,9,277.94,1.12,77,10,18-Oct,18/10/2020,2,203,357,0.4,0.6,3.5,24.6,25,25,51.1,51.1,55.3,1015.2,1015.2,1015.3,0.96,0.96,0.96,760,760,760,0,0,0,0,0,0,784.65,825.7,838.15,-29999,-29999,-29999
19-Oct,0.09,19/10/2020 9:44,0.8,7.59,21.93,12.76,32.88,0.2,60.04,9.71,269.29,1.12,58,10,19-Oct,19/10/2020,9,273,347,0.2,3.3,4.5,24,24.3,24.3,38.2,39.3,41.9,1011.9,1011.9,1011.9,0,0,0,0,0,0,0,0,0,0,0,0,776,814.95,816,-29999,-29999,-29999
20-Oct,0.13,20/10/2020 9:44,0.4,7.73,21.13,13.6,35.62,0.17,58.33,9.4,286.4,1.13,114,10,20-Oct,20/10/2020,66,82,128,2,4.4,7.1,23.1,23.5,23.5,53.6,55.9,56.7,1016.1,1016.2,1016.3,0,0,0,0,0,0,0,0,0,0,0,0,415.5,836.6,853.65,-29999,-29999,-29999
21-Oct,0.14,21/10/2020 9:44,0.66,7.74,20.16,13.82,37.07,0.15,58.33,8.88,273.71,1.14,61,0,21-Oct,21/10/2020,55,86,125,1.4,2.7,4.5,22.5,23.1,23.2,45.2,45.2,50.7,1017,1017,1017.1,0,0,0,0,0,0,0,0,0,0,0,0,271.6,841.3,1037.8,-29999,-29999,-29999
22-Oct,0.16,22/10/2020 9:44,0.45,7.41,21.22,12.71,39.8,0.15,60.54,7.83,265.51,1.13,92,0,22-Oct,22/10/2020,33,97,208,0.5,0.9,2.8,22.2,22.6,22.6,65.2,65.7,66.8,1015.6,1015.6,1015.7,0.47,0.47,0.47,1240,1240,1240,0,0,0,0,0,0,354.75,357.95,548.6,-29999,-29999,-29999
23-Oct,0.21,23/10/2020 9:30,0.32,7.52,22.89,12.03,48.57,0.14,59.98,6.83,254.93,1.1,113,0,23-Oct,23/10/2020,0,309,355,0.2,1.6,2.9,25.7,25.8,26.1,58.4,60.2,62,1015.5,1015.6,1015.7,0.92,0.92,0.92,2160,2160,2160,0,0,0,0,0,0,543.85,605.45,1020.45,-29999,-29999,-29999
24-Oct,0.22,24/10/2020 9:30,0.4,7.46,23.98,11.84,46.04,0.14,60.89,6.27,225.07,1.09,105,0,24-Oct,24/10/2020,2,279,356,0.2,1.2,3.1,25.7,25.8,26,61.9,64.1,64.1,1012.8,1012.8,1012.9,0.92,0.92,0.92,2210,2210,2210,0,0,0,0,0,0,329.2,428.55,432.65,-29999,-29999,-29999
25-Oct,0.15,25/10/2020 9:30,0.25,7.15,23.43,10.87,43.67,0.14,51.85,5.43,212.76,0.97,191,0,25-Oct,25/10/2020,1,236,351,0.1,1.8,3.6,25.8,26.3,26.4,64.6,64.6,68.2,1010.8,1010.8,1010.9,22.33,22.33,22.33,10930,10930,10930,0,0,0,0,0,0,116.4,822.45,825.95,-29999,-29999,-29999
26-Oct,0.14,26/10/2020 9:31,0.3,7.41,22.84,9.43,37.78,0.15,34.38,4.32,195.33,0.72,59,0,26-Oct,26/10/2020,2,88,320,0.2,1.4,4.4,23,23.4,23.6,66.8,66.8,70.5,1011.3,1011.6,1011.6,2.53,2.53,2.53,1200,1200,1200,0,0,0,0,0,0,284.05,495.6,555.3,-29999,-29999,-29999
27-Oct,0.16,27/10/2020 9:31,0.4,6.91,22.14,9.72,43.02,0.15,38.29,3.43,200.4,0.74,63,0,27-Oct,27/10/2020,66,88,122,1.2,6,8.5,23,23.5,23.8,68.5,69.5,72.5,1015.6,1015.6,1015.8,2.53,2.53,2.53,1200,1200,1200,0,0,0,0,0,0,348.9,624.45,988.2,-29999,-29999,-29999
28-Oct,0.15,28/10/2020 9:31,0.42,7.25,21.79,10.02,39.75,0.16,28.37,3.71,184.95,0.62,68,0,28-Oct,28/10/2020,35,101,151,0.8,2.2,3.3,22.8,23,23.1,72.5,72.5,75.1,1016.8,1016.9,1016.9,37.26,37.26,37.26,10420,10420,10420,0,0,0,0,0,0,344.3,349.75,1145.9,-29999,-29999,-29999
29-Oct,0.12,29/10/2020 9:44,0.44,8.08,22.67,10.21,43.5,0.16,23.71,4.06,148.94,0.54,94,10,29-Oct,29/10/2020,0,130,350,0.1,1.1,3,23,23.8,23.8,61.2,62.4,65.6,1010.9,1010.9,1011,24.04,24.04,24.04,10310,10310,10310,0,0,0,0,0,0,800.8,831.3,842.95,-29999,-29999,-29999
30-Oct,0.18,30/10/2020 9:44,0.4,7.46,24.16,9.7,50.62,0.16,27.24,3.48,161.88,0.55,80,16,30-Oct,30/10/2020,0,21,357,0.1,0.9,2.4,24.8,25.1,25.1,65.3,67.6,68.8,1011.2,1011.3,1011.3,24.04,24.04,24.04,10310,10310,10310,0,0,0,0,0,0,742.8,839.5,847.2,-29999,-29999,-29999
31-Oct,0.2,31/10/2020 9:36,0.43,7.35,25.31,9.28,54.96,0.14,28.25,4.44,170.66,0.58,242,20,31-Oct,31/10/2020,2,51,354,0.3,1.9,4,26.8,27,27,66.3,67.1,68.2,1010.6,1010.6,1010.7,0,0,0,0,0,0,0,0,0,0,0,0,785.05,822.6,828.6,-29999,-29999,-29999
1-Nov,0.2,1/11/2020 9:36,0.4,8.11,21.73,11.15,65.43,0.18,25.5,6.86,160.47,0.57,219,68,1-Nov,1/11/2020,209,270,326,0.4,3.7,4.6,26,26.2,26.3,28.8,31.1,33.3,1014.7,1014.8,1014.8,20.3,20.3,20.3,3700,3700,3700,0,0,0,0,0,0,552.05,861.85,862.85,-29999,-29999,-29999
2-Nov,0.17,2/11/2020 9:36,0.3,8.05,22.39,10.46,64.62,0.19,27.7,7.43,195.01,0.6,209,59,2-Nov,2/11/2020,67,70,348,1,4.4,6.1,23.7,24,24.1,54.7,58,58,1020.9,1021,1021,20.3,20.3,20.3,3700,3700,3700,0,0,0,0,0,0,148.05,247.25,874,-29999,-29999,-29999
3-Nov,0.17,3/11/2020 9:36,0.4,7.99,20.16,11.46,60.53,0.19,30.13,6.9,213.41,0.63,208,54,3-Nov,3/11/2020,67,101,130,1.2,4.2,6.7,22.6,22.9,23,45.6,47.2,50.9,1022.4,1022.4,1022.6,20.3,20.3,20.3,3700,3700,3700,0,0,0,0,0,0,701.15,911.65,940.25,-29999,-29999,-29999
4-Nov,0.19,4/11/2020 9:36,0.54,7.81,20.13,10.99,58.35,0.18,32.52,7.03,213.79,0.66,206,60,4-Nov,4/11/2020,12,81,324,0.3,2.1,3.9,22.7,23.2,23.3,45.1,46.7,50.6,1017.7,1017.7,1017.9,0,0,0,0,0,0,0,0,0,0,0,0,830.6,864.7,871.85,-29999,-29999,-29999
5-Nov,0.16,5/11/2020 9:36,0.51,7.57,23.04,10.29,56.27,0.19,35.49,7.13,207.12,0.68,196,71,5-Nov,5/11/2020,2,320,357,0.2,1.4,3.9,25.1,25.1,25.4,59.2,62.6,62.6,1009.8,1009.8,1010.1,0,0,0,0,0,0,0,0,0,0,0,0,786.25,821.15,827.4,-29999,-29999,-29999
6-Nov,0.16,6/11/2020 9:36,0.55,7.5,20.72,10.21,52.66,0.19,37.27,8.76,212.96,0.72,219,89,6-Nov,6/11/2020,61,81,117,1.4,2.7,5.1,22.4,22.5,22.7,41.2,44,44,1013.9,1013.9,1014,0.01,0.01,0.01,10,10,10,0,0,0,0,0,0,815.35,851.45,857.4,-29999,-29999,-29999
7-Nov,0.2,7/11/2020 9:36,0.7,6.35,20.24,8.54,52.37,0.2,45.92,5.51,249.1,0.73,282,86,7-Nov,7/11/2020,4,82,357,0.3,2.5,4.3,22.4,22.9,22.9,54.6,55.2,57.7,1018.7,1018.8,1018.8,0.01,0.01,0.01,10,10,10,0,0,0,0,0,0,389.85,964.85,1010.95,-29999,-29999,-29999
8-Nov,0.17,8/11/2020 9:36,0.55,5.6,19.43,8.5,53.39,0.22,44.44,5.96,255.19,0.76,224,84,8-Nov,8/11/2020,70,106,123,2,6.3,8.7,20.8,21,21,63.7,64.5,66.6,1023.8,1023.8,1023.8,0.01,0.01,0.01,10,10,10,0,0,0,0,0,0,279.5,290.45,344.8,-29999,-29999,-29999
9-Nov,0.16,9/11/2020 9:36,0.66,9.49,19.62,11.48,66.25,0.17,38.45,4.3,105.42,0.74,213,95,9-Nov,9/11/2020,65,83,128,1.7,4.5,8.1,21.8,21.8,22.5,49.2,54.4,54.4,1024.2,1024.3,1024.4,0.03,0.03,0.03,110,110,110,0,0,0,0,0,0,396.35,421.7,1075.45,-29999,-29999,-29999
10-Nov,0.26,10/11/2020 9:36,0.9,8.31,20.35,11.34,60.69,0.15,40.96,6.18,98.05,0.79,249,94,10-Nov,10/11/2020,60,114,118,1.7,4.8,6.8,22.7,22.8,23,50.4,51.3,54.8,1022.2,1022.2,1022.3,0.03,0.03,0.03,120,120,120,0,0,0,0,0,0,825.15,863.1,871.65,-29999,-29999,-29999
11-Nov,0.24,11/11/2020 9:36,0.86,8.32,21.47,11.31,56.47,0.15,42.71,6.41,102.73,0.81,254,92,11-Nov,11/11/2020,36,91,337,1.1,2.7,4.9,22.9,23.1,23.7,46.8,48,49.2,1020.2,1020.2,1020.3,0.03,0.03,0.03,120,120,120,0,0,0,0,0,0,812.95,853.7,857.45,-29999,-29999,-29999
12-Nov,0.21,12/11/2020 9:36,0.72,8.4,23.07,11.23,52.2,0.16,45.89,6.65,95.04,0.82,231,77,12-Nov,12/11/2020,1,279,357,0.2,2.1,2.8,24.4,25,25,48.6,49.5,53.9,1017.3,1017.3,1017.4,0.03,0.03,0.03,120,120,120,0,0,0,0,0,0,777.35,857.35,864.8,-29999,-29999,-29999
13-Nov,0.16,13/11/2020 9:36,0.41,8.05,23.03,9.94,46.23,0.16,46.75,7.4,96.58,0.84,223,100,13-Nov,13/11/2020,0,272,358,0.3,1.3,4,25.5,26,26.1,49,49,51.9,1013.4,1013.4,1013.5,0.03,0.03,0.03,120,120,120,0,0,0,0,0,0,411.25,908.6,1088.75,-29999,-29999,-29999
14-Nov,0.18,14/11/2020 9:36,0.5,7.77,24.39,8.66,50.38,0.16,49.31,8.04,94.21,0.85,450,160,14-Nov,14/11/2020,0,326,358,0.2,0.9,4.6,26.4,26.4,27,52,55,55.8,1011.4,1011.4,1011.5,0.9,0.9,0.9,420,420,420,0,0,0,0,0,0,793.2,829.9,835.15,-29999,-29999,-29999
15-Nov,0.16,15/11/2020 9:36,0.63,7.69,25.88,8.1,49.73,0.16,52.25,8.4,95.3,0.87,320,120,15-Nov,15/11/2020,45,72,346,0.5,1.9,3.9,26.2,26.9,26.9,61.5,61.8,64.9,1015.6,1015.6,1015.7,0.9,0.9,0.9,420,420,420,0,0,0,0,0,0,764.25,853.9,857.2,-29999,-29999,-29999
16-Nov,0.22,16/11/2020 9:36,0.65,7.89,26.77,9.29,55.68,0.16,53.93,7.87,117.15,0.89,264,108,16-Nov,16/11/2020,0,164,356,0.1,0.8,3.7,27.9,28.3,28.4,62,63.1,67.4,1017.8,1017.8,1018.1,0.9,0.9,0.9,420,420,420,0,0,0,0,0,0,732.1,786.75,792.2,-29999,-29999,-29999
17-Nov,0.22,17/11/2020 9:36,0.66,7.98,26.53,9.02,55.94,0.14,56.15,8.22,104.46,0.9,273,106,17-Nov,17/11/2020,2,210,357,0.3,2.1,4.3,27.3,27.5,27.8,64.5,65.9,67.3,1014.1,1014.2,1014.3,1.13,1.13,1.13,490,490,490,0,0,0,0,0,0,430.55,843.35,863.45,-29999,-29999,-29999
18-Nov,0.55,18/11/2020 9:37,0.32,7.24,25.37,2.03,111.82,0.16,10.32,60.62,-58.89,1.26,887,556,18-Nov,18/11/2020,74,101,127,2.8,6.7,9.8,24.8,25.1,25.2,57.1,58.3,59,1020.7,1020.7,1020.9,3.61,3.61,3.61,2270,2270,2270,0,0,0,0,0,0,606.1,831.6,877.45,-29999,-29999,-29999
19-Nov,0.46,19/11/2020 9:37,0.26,8.42,22.06,0,106.62,0.18,0.42,88.51,-196.87,1.74,609,336,19-Nov,19/11/2020,66,108,120,1.5,4.9,6.9,24,24.5,24.5,57.6,57.6,60.1,1022.3,1022.3,1022.4,3.61,3.61,3.61,2270,2270,2270,0,0,0,0,0,0,429.3,430.75,1120.75,-29999,-29999,-29999
20-Nov,0.62,20/11/2020 9:37,0.7,8.54,22.94,0,131.63,0.19,0.77,78.6,-218.15,1.65,595,231,20-Nov,20/11/2020,55,119,130,0.9,2.9,4.8,24.1,24.5,24.9,49.2,50.2,52.4,1021.7,1021.8,1021.8,3.61,3.61,3.61,2270,2270,2270,0,0,0,0,0,0,670.35,793.6,850.5,-29999,-29999,-29999
21-Nov,0.66,21/11/2020 9:37,1.52,8.61,24.07,5.84,116.45,0.18,7.57,87.71,43.45,1.59,564,139,21-Nov,21/11/2020,0,3,358,0.2,0.6,3.1,26.7,27.2,27.4,43,43.9,46.7,1020.8,1020.8,1020.8,3.61,3.61,3.61,2270,2270,2270,0,0,0,0,0,0,813.45,852.15,857.75,-29999,-29999,-29999
22-Nov,0.59,22/11/2020 9:37,2.5,8.68,24.76,10.18,93.1,0.17,15.84,68.28,79.21,1.44,455,108,22-Nov,22/11/2020,0,358,358,0.3,1,3.4,26.8,26.9,27.2,42.4,44.7,45.7,1019.2,1019.2,1019.4,3.61,3.61,3.61,2270,2270,2270,0,0,0,0,0,0,836.4,866,871.8,-29999,-29999,-29999
23-Nov,0.6,23/11/2020 9:37,1.8,8.56,24.23,9.58,101.74,0.18,19.96,46.32,94.72,1.31,490,116,23-Nov,23/11/2020,0,319,357,0.2,2.8,3.3,26.7,27.2,27.2,48.7,50.2,51.8,1013.4,1013.4,1013.6,3.61,3.61,3.61,2270,2270,2270,0,0,0,0,0,0,618.6,845.6,853.2,-29999,-29999,-29999
16-Dec,0.23,16/12/2020 9:38,0.73,6.47536,27.08,8.63,46.41,0.16,51.84,8.88,148.74,0.86,212,61,16-Dec,16/12/2020,64,107,128,2,4.6,6.4,26.5,26.8,27,73.4,76.4,76.4,1010.6,1010.6,1010.6,56.89,56.89,56.89,55280,55280,55280,0,0,0,0,0,0,692.2,849.05,921.75,-29999,-29999,-29999
18-Dec,0.2,18/12/2020 9:38,0.98,6.44075,27.39,8.54,39.88,0.23,49.59,9.3,154.38,0.84,186,48,18-Dec,18/12/2020,0,217,351,0.2,1.8,3.7,27.1,27.1,27.9,71.3,74.8,74.8,1011,1011.1,1011.1,66.67,66.67,66.67,58370,58370,58370,0,0,0,0,0,0,269.2,365.5,404.7,-29999,-29999,-29999
21-Dec,0.21,21/12/2020 9:38,0.81,6.02068,27.6,8.64,38.66,0.2,57.24,10.63,176.75,0.91,195,37,21-Dec,21/12/2020,5,100,352,0.3,2.4,4.4,27.9,27.9,28.3,64.2,68.5,68.5,1009.9,1009.9,1010,68.36,68.36,68.36,60770,60770,60770,0,0,0,0,0,0,656,796.8,887.95,-29999,-29999,-29999
23-Dec,0.31,23/12/2020 9:44,0.87,6.28532,25.64,9.24,64.27,0.19,62.64,11.45,173.29,0.97,327,111,23-Dec,23/12/2020,0,103,326,0.2,1.7,4.6,28.7,28.7,29.2,39,39.2,44.4,1010.6,1010.7,1010.7,0,0,0,0,0,0,0,0,0,0,0,0,734.45,773.25,849.55,-29999,-29999,-29999
27-Dec,0.38,27/12/2020 9:30,0.78,6.40262,23.21,9.85,66.7,0.21,73.57,12.47,160.98,1.15,303,92,27-Dec,27/12/2020,49,90,350,0.3,2.7,4.7,25.4,26.1,26.1,58,58.8,61.6,1016,1016,1016.1,0.17,0.17,0.17,230,230,230,0,0,0,0,0,0,297.55,341.55,1036.55,-29999,-29999,-29999
4-Jan,0.43,4/01/2021 9:32,0.62,5.97481,24.76,7.71,70.54,0.19,87.44,9.67,189.76,1.33,293,64,4-Jan,4/01/2021,217,271,327,0.3,1.4,2.8,23.5,23.6,23.8,84.6,85.4,87.7,1009.4,1009.4,1009.4,16.87,16.87,16.87,8600,8600,8600,0,0,0,0,0,0,217.2,247.95,254,-29999,-29999,-29999
6-Jan,0.37,6/01/2021 9:32,0.79,6.87095,27.09,10.05,57.88,0.16,93.45,9.47,187.77,1.45,193,62,6-Jan,6/01/2021,0,84,358,0.1,2.2,2.3,28.6,29.1,29.1,62.9,63.6,65.4,1009.9,1010,1010,17.73,17.73,17.73,10070,10070,10070,0,0,0,0,0,0,393.4,617.65,620.35,-29999,-29999,-29999
8-Jan,0.47,8/01/2021 9:33,1.07,6.62836,20.61,6.16,67.82,0.14,94.18,8.26,225.58,1.55,239,52,8-Jan,8/01/2021,74,86,119,2.2,3.9,9.6,21.6,22.3,22.3,72.5,73,76.8,1014.7,1014.8,1014.8,20.05,20.05,20.05,14010,14010,14010,0,0,0,0,0,0,172.1,172.15,207.25,-29999,-29999,-29999
11-Jan,0.49,11/01/2021 9:33,0.77,6.57699,22.78,8.47,74.25,0.15,91.76,5.11,245.45,1.66,235,25,11-Jan,11/01/2021,61,119,125,1.7,8,8,25,25.8,25.8,58.1,58.1,61.8,1016.1,1016.1,1016.2,27.7,27.7,27.7,27140,27140,27140,0,0,0,0,0,0,197.6,824,854.2,-29999,-29999,-29999
13-Jan,0.47,13/01/2021 9:33,1,6.60211,23.76,8.73,66.06,0.12,99.82,2.71,212.64,1.78,263,65,13-Jan,13/01/2021,69,94,124,2.4,3.5,7.5,26.1,26.4,26.5,56.9,58,59.2,1015.2,1015.3,1015.3,27.7,27.7,27.7,27140,27140,27140,0,0,0,0,0,0,759.45,800.9,803.4,-29999,-29999,-29999
18-Jan,0.72,18/01/2021 9:33,1.13,7.24922,26.11,2.5,109.17,0.14,89.27,1.84,162.97,1.92,313,50,18-Jan,18/01/2021,0,97,357,0.4,1.7,2.8,26.8,27.5,27.5,68.3,68.7,73.1,1014,1014.1,1014.1,48.69,48.69,48.69,33350,33350,33350,0,0,0,0,0,0,291.75,816.65,951.45,-29999,-29999,-29999
20-Jan,0.61,20/01/2021 9:33,1.07,8.46,23.75,10.94,117.94,0.11,70.23,0.89,65.88,1.88,270,36,20-Jan,20/01/2021,71,100,122,1.7,4.3,8.3,25.1,25.1,26.2,62.4,67.8,68.2,1018.3,1018.5,1018.5,66.43,66.43,66.43,52910,52910,52910,0,0,0,0,0,0,223.65,225.95,864.95,-29999,-29999,-29999
22-Jan,0.72,22/01/2021 9:33,1.24,8.72,22.75,10.81,123.01,0.11,77.31,1.11,-25.63,2.04,290,38,22-Jan,22/01/2021,0,124,351,0.2,0.4,3.8,25.2,25.9,25.9,48.5,50,52.4,1014.6,1014.7,1014.7,66.48,66.48,66.48,52930,52930,52930,0,0,0,0,0,0,773.35,815.45,816.45,-29999,-29999,-29999
25-Jan,0.46,25/01/2021 9:33,0.88,7.75,24.35,6.93,69.36,0.13,59.97,2.55,58.45,2.06,239,47,25-Jan,25/01/2021,72,247,354,0.1,1.7,2.6,23.4,24.3,24.3,80.9,80.9,84.7,1012.2,1012.3,1012.3,0,0,0,0,0,0,0,0,0,0,0,0,266.6,273,670.65,-29999,-29999,-29999
27-Jan,0.12,27/01/2021 9:37,0.28,8.7,26.33,11.43,63.07,0.18,47.44,7.15,31.66,2.12,192,40,27-Jan,27/01/2021,1,354,357,0.2,0.2,2.5,27.4,28.1,28.4,60.7,62.1,65.3,1009.1,1009.2,1009.2,1.82,1.82,1.82,1490,1490,1490,0,0,0,0,0,0,414.4,504.65,906.1,-29999,-29999,-29999
29-Jan,0.26,29/01/2021 9:44,0.66,9.37,24.18,13.44,69.03,0.15,47.89,9.39,47.74,2.17,252,51,29-Jan,29/01/2021,68,86,118,2,5.2,6.8,26.4,26.6,26.9,59.2,61.8,61.8,1012.3,1012.4,1012.4,0,0,0,0,0,0,0,0,0,0,0,0,185.95,185.95,995.15,-29999,-29999,-29999
1-Feb,0.4,1/02/2021 9:30,0.8,9.37,23.61,12.13,110.4,0.19,26.42,3.01,30.63,2.23,368,70,1-Feb,1/02/2021,61,93,125,2,3.3,7.5,26.5,26.5,26.9,53,55.8,57,1012.9,1013,1013,4.04,4.04,4.04,1280,1280,1280,0,0,0,0,0,0,104.75,157.25,827.65,-29999,-29999,-29999
3-Feb,0.28,3/02/2021 9:30,0.63,8.87,22.8,14.8,78.48,0.15,16.88,3.67,18.33,1.7,282,48,3-Feb,3/02/2021,70,88,117,2.4,2.4,7.5,25.6,26,26.1,63.2,64.3,69,1010.5,1010.6,1010.6,50.79,50.79,50.79,17410,17410,17410,0,0,0,0,0,0,359.05,982.6,1039,-29999,-29999,-29999
5-Feb,0.35,5/02/2021 9:30,1.01,9.41,24.28,13.39,93.52,0.17,18.12,5.39,-26.28,1.88,313,53,5-Feb,5/02/2021,63,88,123,1.6,2.8,5.1,25.6,26.1,26.2,62.5,62.5,65.9,1011.6,1011.6,1011.6,50.79,50.79,50.79,17410,17410,17410,0,0,0,0,0,0,180.55,786.25,827.25,-29999,-29999,-29999
8-Feb,0.4,8/02/2021 9:38,1.11,9.11,24.28,12.07,111.59,0.21,17.47,6.67,8.2,2.12,373,51,8-Feb,8/02/2021,69,97,120,2.4,5.6,9.4,26.8,27.5,27.5,54.5,55.8,60,1008.9,1009,1009,0.39,0.39,0.39,540,540,540,0,0,0,0,0,0,326.45,831.55,868.85,-29999,-29999,-29999
10-Feb,0.38,10/02/2021 9:38,1.03,8.92,21.24,12.12,113.28,0.22,16.84,7.6,2.56,2.3,334,68,10-Feb,10/02/2021,58,82,129,1.6,1.9,6.5,25,25.1,25.3,50.9,52.5,54.7,1013.3,1013.3,1013.3,0,0,0,0,0,0,0,0,0,0,0,0,412.75,784.9,1067.5,-29999,-29999,-29999
12-Feb,0.28,12/02/2021 9:38,1.2,8.73,23.53,13.93,99.85,0.24,18.81,7.63,26.15,2.41,324,72,12-Feb,12/02/2021,0,1,358,0.2,0.5,2.3,25.9,26,26.1,54.1,56,57.2,1013.4,1013.5,1013.5,0.56,0.56,0.56,330,330,330,0,0,0,0,0,0,305.9,310.75,324.4,-29999,-29999,-29999
15-Feb,0.38,15/02/2021 9:31,1.06,8.86,21.99,13.47,114.59,0.27,19.4,8.12,19.23,2.5,313,52,15-Feb,15/02/2021,65,105,135,2.6,4.9,6.9,25.4,25.6,25.6,55.5,57,60,1012.3,1012.3,1012.4,1.2,1.2,1.2,820,820,820,0,0,0,0,0,0,709,764.75,804.1,-29999,-29999,-29999
17-Feb,0.34,17/02/2021 9:31,1.06,9.29,21.51,13.02,110.7,0.26,19.35,8.65,21.98,2.49,298,50,17-Feb,17/02/2021,51,91,124,2.6,8.1,8.1,23.8,23.8,24.6,64,70.9,72,1015.7,1015.9,1015.9,3.98,4.02,4.02,2690,2700,2700,0,0,2.5,0,0,0,154.55,382.5,559.3,-29999,-29999,-29999
24-Feb,0.31,24/02/2021 9:44,1.12,9.54,22.92,10.57,93.81,0.21,13.9,9.62,-18.26,2.07,282,51,24-Feb,24/02/2021,32,88,124,0.7,1.5,5.8,24.3,24.7,24.7,84.9,85.8,87.3,1013.8,1013.8,1014,0,0,0.03,0,0,10,0,0,1.3,0,0,0,66.25,892.2,1017.3,-29999,-29999,-29999
26-Feb,0.3,26/02/2021 9:44,0.71,9.59,25.6,14.64,97.54,0.21,12.31,9.3,-13.33,1.87,315,52,26-Feb,26/02/2021,0,276,358,0.2,0.6,2.3,28.5,28.5,28.8,54.6,59.7,59.7,1010.8,1010.8,1010.9,0,0,0,0,0,0,0,0,0,0,0,0,693.95,732.75,738.35,-29999,-29999,-29999
1-Mar,0.53,1/03/2021 9:33,1.63,9.86,25.73,12.64,137.69,0.21,10.89,9.58,-17.11,1.85,420,56,1-Mar,1/03/2021,25,75,358,0.1,2.5,2.9,26.7,26.9,27.1,72.1,73,75.2,1010.4,1010.4,1010.4,0,0,0,0,0,0,0,0,0,0,0,0,353.4,387.9,811.2,-29999,-29999,-29999
3-Mar,0.54,3/03/2021 9:33,1.75,9.82,23.61,12.8,134.66,0.2,8.87,10.39,-12.69,1.74,400,46,3-Mar,3/03/2021,66,84,119,1.5,2.8,5.6,24.3,24.4,24.5,74.5,74.5,76.5,1011.7,1011.7,1011.7,0,0,0,0,0,0,0,0,0,0,0,0,214.6,262.35,269.75,-29999,-29999,-29999
5-Mar,0.55,5/03/2021 9:43,1.78,9.77,21.1,14.91,131.98,0.2,8.04,11.13,5.38,1.78,373,31,5-Mar,5/03/2021,0,237,355,0.1,0.8,2.3,25.3,26.1,26.1,53.8,54.6,56.3,1008.1,1008.1,1008.2,0,0,0,0,0,0,0,0,0,0,0,0,147.35,779.7,824.7,-29999,-29999,-29999
8-Mar,0.46,8/03/2021 9:43,1.18,8.66,24.11,10.7,133.61,0.28,7.54,11.23,16.02,1.8,345,49,8-Mar,8/03/2021,21,146,358,0.3,0.4,3.7,27.1,27.1,27.4,58.2,59.7,62.7,1016.8,1016.8,1016.8,0,0,0,0,0,0,0,0,0,0,0,0,454.4,507.45,713.8,-29999,-29999,-29999
10-Mar,0.45,10/03/2021 9:44,1.92,8.94,24.7,15.29,126.9,0.26,6.76,11.2,10.51,1.79,339,37,10-Mar,10/03/2021,66,83,127,1.8,3.6,6.3,26.5,26.7,26.8,65.3,65.3,69,1017.8,1017.8,1017.9,0,0,0,0,0,0,0,0,0,0,0,0,275.15,400.6,877.45,-29999,-29999,-29999
12-Mar,0.48,12/03/2021 9:44,1.39,9.23,23.42,14.5,128.88,0.24,5.85,11.72,3.97,1.79,358,46,12-Mar,12/03/2021,21,107,129,0.5,2.3,3.4,25.3,25.3,25.6,67.8,69,70.4,1018.9,1018.9,1019.1,0,0,0,0,0,0,0,0,0,0,0,0,515.9,708.7,727.05,-29999,-29999,-29999
15-Mar,0.62,15/03/2021 9:40,1.69,9,23.86,9,158.35,0.28,7.2,12.14,-4.17,1.86,480,44,15-Mar,15/03/2021,68,110,124,1.9,4.9,7.8,23.4,23.4,23.6,75.1,75.2,76.5,1015.2,1015.4,1015.4,0,0,0,0,0,0,0,0,0,0,0,0,85.4,100.35,151.7,-29999,-29999,-29999
17-Mar,0.52,17/03/2021 9:40,1.4,8.22,19.71,8.51,146.22,0.33,7.45,13.16,31.79,1.79,356,53,17-Mar,17/03/2021,3,81,348,0.4,3.4,4.6,21.1,21.5,21.6,79.4,79.4,82.5,1018.4,1018.5,1018.5,0,0,0.02,0,0,10,0,2.1,2.1,0,0,0,113.5,197.6,205.45,-29999,-29999,-29999
19-Mar,0.55,19/03/2021 9:40,1.57,8.44,22.46,12.51,138.91,0.33,8.26,12.81,28.2,1.7,412,43,19-Mar,19/03/2021,58,112,125,1,3,3.4,23.7,24.4,24.4,72.6,73.1,76,1016.3,1016.3,1016.4,0,0,0,0,0,0,0,0,0,0,0,0,300.8,649.55,748.25,-29999,-29999,-29999
24-Mar,0.12,24/03/2021 9:32,0.1,8.6,24.21,11.67,62.26,0.28,3.59,13.22,32.17,0.67,130,27,24-Mar,24/03/2021,220,263,338,0.6,1.9,4.7,26.8,27.2,27.3,68.8,69.7,71.7,1004,1004,1004,0,0,0,0,0,0,0,0,0,0,0,0,348.45,518.2,689.2,-29999,-29999,-29999
31-Mar,0.2,31/03/2021 9:41,0.33,9.28,19.37,13.71,116.58,0.28,5.86,17.11,-20.89,1.14,324,38,31-Mar,31/03/2021,7,79,348,0.4,3,7,22.2,22.8,22.8,56.4,57.4,59,1019.3,1019.3,1019.5,0,0,0,0,0,0,0,0,0,0,0,0,223.45,758.55,813.85,-29999,-29999,-29999
2-Apr,0.27,2/04/2021 9:42,0.62,9.35,20.12,13.81,121.21,0.27,6.28,17.49,-19.1,1.25,367,33,2-Apr,2/04/2021,71,105,118,2.6,3.6,10.1,23.9,24.1,24.3,52.9,55.2,55.8,1021.8,1021.9,1022,0,0,0,0,0,0,0,0,0,0,0,0,220.7,295.35,764.15,-29999,-29999,-29999
5-Apr,0.35,5/04/2021 9:42,0.41,7.92,21.12,9.86,110.84,0.26,7.56,17.62,24.29,1.38,286,23,5-Apr,5/04/2021,76,114,129,2,4.1,8.1,21.3,21.3,21.4,90.8,91.3,92.1,1015.6,1015.6,1015.7,0,0,0,0,0,0,0,0,0,0,0,0,127.95,165.2,174.85,-29999,-29999,-29999
9-Apr,0.21,9/04/2021 9:34,0.68,9.19,20.23,14.63,106.34,0.26,6.59,17.46,13.2,1.19,313,24,9-Apr,9/04/2021,0,80,358,0.1,0.3,2.2,24.5,24.9,25,56.9,60.4,61.3,1008.4,1008.4,1008.7,0,0,0,0,0,0,0,0,0,0,0,0,505.25,641.15,643.65,-29999,-29999,-29999
12-Apr,0.32,12/04/2021 9:34,0.84,9.59,15.07,14.87,114.96,0.25,6.92,18.47,34.48,1.36,323,13,12-Apr,12/04/2021,2,94,356,0.4,2.1,4.9,20.5,20.6,20.7,38.5,39.5,40.7,1017.1,1017.1,1017.1,0,0,0,0,0,0,0,0,0,0,0,0,612.4,658.95,660,-29999,-29999,-29999
14-Apr,0.45,14/04/2021 9:34,0.7,9.22,16.92,11.45,104.59,0.24,7.83,19.67,-36.4,1.58,305,55,14-Apr,14/04/2021,0,282,358,0.3,1,3.4,21.8,22.2,22.3,53.6,54.1,56.6,1019.7,1019.7,1019.8,0,0,0,0,0,0,0,0,0,0,0,0,604.6,642.3,651.85,-29999,-29999,-29999
16-Apr,0.29,16/04/2021 9:39,0.77,8.08,19.91,12.38,100.45,0.25,10.04,18.52,43.19,1.69,369,58,16-Apr,16/04/2021,0,224,350,0.2,1.2,3,23.8,24.4,24.5,55.7,55.7,59.7,1017,1017.1,1017.1,0,0,0,0,0,0,0,0,0,0,0,0,564.3,608.45,610.65,-29999,-29999,-29999
19-Apr,0.22,19/04/2021 9:40,0.61,9.31,16.99,15.76,129.63,0.33,4.8,19.79,7.24,1.33,264,20,19-Apr,19/04/2021,1,351,358,0.1,1.2,3.5,21.4,21.9,21.9,52.2,52.6,55.6,1018.2,1018.2,1018.2,0,0,0,0,0,0,0,0,0,0,0,0,603.2,644.2,647.25,-29999,-29999,-29999
21-Apr,0.35,21/04/2021 9:40,1.02,9.55,19.45,15.15,158.76,0.33,5.68,19.83,-11.28,1.43,291,27,21-Apr,21/04/2021,2,68,358,0.1,1.8,3,22.8,22.8,23.4,56,57.9,58.7,1014.3,1014.3,1014.4,0,0,0,0,0,0,0,0,0,0,0,0,517.9,588.55,594.55,-29999,-29999,-29999
23-Apr,0.42,23/04/2021 9:40,2.07,9.42,14.19,15.69,173.85,0.33,10.41,0.79,-12.95,1.53,345,35,23-Apr,23/04/2021,0,119,357,0.2,1.4,3,19.7,20.2,20.3,32.3,32.4,35.9,1018,1018,1018,0,0,0,0,0,0,0,0,0,0,0,0,481.9,615.8,622.05,-29999,-29999,-29999
27-Apr,0.43,27/04/2021 9:40,2.6,9.61,18.34,15.31,218.55,0.37,11.67,0.1,-16.09,1.65,419,25,27-Apr,27/04/2021,1,53,352,0.2,1,2.9,21.3,21.7,21.7,58.6,59,60,1024.6,1024.6,1024.7,0,0,0,0,0,0,0,0,0,0,0,0,171.3,598.55,637.45,-29999,-29999,-29999
28-Apr,0.5,28/04/2021 9:40,2.8,9.57,18.04,14.16,230.04,0.39,11.8,0.1,-15.38,1.69,406,37,28-Apr,28/04/2021,75,78,126,1.6,3.2,6.6,21.2,21.8,21.8,61.7,62.1,63.8,1023.1,1023.2,1023.2,0,0,0,0,0,0,0,0,0,0,0,0,544.5,585.8,589.55,-29999,-29999,-29999
7-May,0.21,7/05/2021 9:40,1.38,8.2,16.01,13.83,125.92,0.26,15.86,1.51,34.86,1.71,168,51,7-May,7/05/2021,206,321,357,0.5,1,4.6,21.4,21.6,21.7,57.2,58.1,59.8,1010.8,1010.8,1011,0,0,0,0,0,0,0,0,0,0,0,0,520.3,576.6,583.05,-29999,-29999,-29999
10-May,0.26,10/05/2021 9:37,2.13,8.17,18.91,13.82,162.33,0.33,20.1,0.1,45.63,1.79,205,60,10-May,10/05/2021,1,81,357,0.1,1,2,21.5,22.4,22.6,69.2,69.2,74.3,1017.2,1017.3,1017.3,0,0,0,0,0,0,0,0,0,0,0,0,540.25,553.15,593.35,-29999,-29999,-29999
12-May,0.22,12/05/2021 9:37,0.71,7.99,20.69,12.15,136.82,0.28,21.79,0.1,50.05,1.84,161,31,12-May,12/05/2021,2,84,348,0.1,2.5,3,21.5,22,22.3,74.9,75.2,78.5,1017.6,1017.6,1017.6,0,0,0,0,0,0,0,0,0,0,0,0,511.65,550.55,551.1,-29999,-29999,-29999
19-May,0.3,19/05/2021 9:38,1.1,9.45,16.04,15.36,93.24,0.35,20.54,0.1,-10.25,1.79,212,26,19-May,19/05/2021,29,110,276,0.3,2.9,5.2,19.1,19.5,19.5,63.9,64.2,65.4,1026.9,1026.9,1027,0,0,0,0,0,0,0,0,0,0,0,0,191.9,217.55,427.75,-29999,-29999,-29999
21-May,0.28,21/05/2021 9:38,0.77,8.77,15.23,15.23,90.18,0.33,20.55,0.1,29.03,1.85,235,41,21-May,21/05/2021,0,278,358,0.2,1.1,3.4,19.4,20,20,58,58.5,60.3,1025,1025,1025.2,0,0,0,0,0,0,0,0,0,0,0,0,502.7,539.95,546.9,-29999,-29999,-29999
24-May,0.3,24/05/2021 9:38,1.32,8.32,15.68,15.29,99.62,0.32,20.55,0.1,26.02,1.97,245,27,24-May,24/05/2021,0,85,351,0.2,1.5,4.1,20,20.1,20.1,60.5,61.6,62.4,1026.2,1026.2,1026.3,0,0,0,0,0,0,0,0,0,0,0,0,467.6,513.35,513.35,-29999,-29999,-29999
26-May,0.28,26/05/2021 9:38,1.36,8.38,15.85,15.14,99.57,0.34,21.58,0.1,45.95,2.03,248,60,26-May,26/05/2021,106,287,339,0.4,1.7,3.7,18.3,19,19,69.7,69.7,72.8,1021.5,1021.5,1021.6,0,0,0,0,0,0,0,0,0,0,0,0,308.95,507,513.4,-29999,-29999,-29999
2-Jun,0.28,2/06/2021 9:38,0.8,8.23,15.84,13.06,106.86,0.21,24.77,0.1,34.29,2.36,243,58,2-Jun,2/06/2021,19,78,355,0.1,1.3,3.6,18.6,18.8,19,68,68.7,70.4,1022.2,1022.2,1022.3,0,0,0,0,0,0,0,0,0,0,0,0,225,227.6,626.95,-29999,-29999,-29999
4-Jun,0.22,4/06/2021 9:38,0.65,7.68,15.8,11.05,98.39,0.25,23.88,0.11,17.43,2.31,189,59,4-Jun,4/06/2021,146,238,327,1,4,5.5,18.6,18.9,18.9,55.7,55.9,59.7,1013.6,1013.6,1013.8,0,0,0,0,0,0,0,0,0,0,0,0,470.65,508.45,517.15,-29999,-29999,-29999
7-Jun,0.15,7/06/2021 9:38,0.37,7.72,12.69,12.29,92.62,0.33,23.73,0.1,16.28,2.53,164,48,7-Jun,7/06/2021,0,60,354,0.2,0.6,2.5,16.4,17.2,17.2,56.5,56.9,58.6,1024.2,1024.2,1024.3,0,0,0,0,0,0,0,0,0,0,0,0,440.15,474.4,482,-29999,-29999,-29999
9-Jun,0.13,9/06/2021 9:38,0.17,7.41,16.04,7.1,70.96,0.33,23.5,0.48,14.61,2.58,136,67,9-Jun,9/06/2021,226,249,337,1.6,4.1,8.9,14.5,14.9,14.9,65.1,65.1,73.6,1010.5,1010.5,1010.7,0,0,0,0,0,0,0,0,0,0,0,0,154.55,162.9,232.9,-29999,-29999,-29999
11-Jun,0.14,11/06/2021 9:39,0.27,7.76,10.16,13.17,68.91,0.3,19.19,1.1,13.33,2.66,139,53,11-Jun,11/06/2021,217,263,315,0.4,2.1,5.6,14.6,14.8,14.8,48.1,48.9,49.9,1017.4,1017.4,1017.5,0,0,0,0,0,0,0,0,0,0,0,0,166,225.45,478.25,-29999,-29999,-29999
14-Jun,0.17,14/06/2021 9:39,0.33,7.76,11.53,12.68,77.83,0.28,16.45,0.85,39.6,2.66,183,64,14-Jun,14/06/2021,25,268,351,0.1,0.6,3.3,14,14.4,14.4,62.4,62.4,64.1,1016.4,1016.4,1016.6,0,0,0,0,0,0,0,0,0,0,0,0,60.6,382,483.2,-29999,-29999,-29999
16-Jun,0.16,16/06/2021 9:39,0.32,7.87,14.04,8.48,77.53,0.27,14.61,1.28,60.95,2.56,185,72,16-Jun,16/06/2021,178,270,299,0.3,1.4,2.6,13.6,14,14,90.3,90.9,91.1,1018.7,1018.8,1018.9,0,0,0,0,0,0,0,0,0,0,0,0,316.95,461.35,472.25,-29999,-29999,-29999
18-Jun,0.16,18/06/2021 9:44,0.48,7.96,12.62,7.88,74.92,0.26,12.97,1.9,86.39,2.64,189,97,18-Jun,18/06/2021,3,256,347,0.4,1.6,4.1,17.3,17.9,17.9,40.9,41.5,43.6,1013.5,1013.5,1013.7,0,0,0,0,0,0,0,0,0,0,0,0,432.95,449,515.95,-29999,-29999,-29999
21-Jun,0.19,21/06/2021 9:44,0.68,7.69,13.24,6.62,74.19,0.24,19.6,1.97,49.15,2.65,210,93,21-Jun,21/06/2021,5,227,357,0.3,3.5,4,16.9,17.4,17.4,55.1,55.5,57,1021.6,1021.7,1021.7,0,0,0,0,0,0,0,0,0,0,0,0,444.5,481.35,487.85,-29999,-29999,-29999
23-Jun,0.15,23/06/2021 9:34,0.42,7.57,14.7,4.9,65.97,0.26,19.43,3.82,111.96,2.62,171,89,23-Jun,23/06/2021,0,178,357,0.1,0.7,2.8,17.2,17.3,17.5,77.4,78.9,80.6,1027.4,1027.4,1027.7,0,0,0,0,0,0,0,0,0,0,0,0,133.9,247.25,484.2,-29999,-29999,-29999
25-Jun,0.19,25/06/2021 9:35,0.55,7.76,17.72,6.36,73.97,0.27,21.02,1.32,9.42,2.54,181,74,25-Jun,25/06/2021,0,317,350,0.3,0.7,2.9,17.6,17.7,17.7,90.5,90.5,91.4,1019.7,1019.7,1020.1,0,0,0,0,0,0,0,0,0,0,0,0,71.45,78.95,116,-29999,-29999,-29999
28-Jun,0.18,28/06/2021 9:35,0.27,7.5,11.87,6.55,71.6,0.24,21.66,0.48,129.77,2.73,174,76,28-Jun,28/06/2021,0,264,357,0.1,0.6,2.9,16.1,16.7,16.8,56.8,57,58.9,1026.9,1027,1027,0,0,0,0,0,0,0,0,0,0,0,0,418.1,491.8,496.25,-29999,-29999,-29999
30-Jun,0.18,30/06/2021 9:35,0.5,7.44,15.14,5.1,67.57,0.25,22.52,1.11,212.32,2.69,194,87,30-Jun,30/06/2021,3,325,357,0.1,0.8,2.5,16.4,17.4,17.5,80.8,80.8,85.3,1027.2,1027.3,1027.3,0,0,0,0,0,0,0,0,0,0,0,0,205.55,297.3,546.4,-29999,-29999,-29999
2-Jul,0.19,2/07/2021 9:35,0.68,7.54,17.08,5.96,65.34,0.25,21.2,1.44,178.29,2.59,170,79,2-Jul,2/07/2021,2,205,330,0.1,0.6,2.2,18.1,18.3,18.3,89.2,90.2,90.2,1020,1020,1020.2,0,0,0.03,0,0,10,0,0,2.3,0,0,0,85.25,317.7,323.5,-29999,-29999,-29999
5-Jul,0.21,5/07/2021 9:35,0.57,7.52,12.74,7.36,62.18,0.25,23.04,0.61,345.16,2.44,185,81,5-Jul,5/07/2021,75,244,356,0.2,1.4,3.2,14.2,15,15,54.4,54.4,56.2,1020.1,1020.4,1020.4,0,0,0,0,0,0,0,0,0,0,0,0,170.35,430.5,536.8,-29999,-29999,-29999
7-Jul,0.22,7/07/2021 9:35,0.96,7.46,11.44,7.34,69.42,0.24,20.91,0.56,348.75,2.37,181,63,7-Jul,7/07/2021,2,214,357,0.3,0.4,3.4,14.6,15.2,15.2,59.7,59.7,61.9,1023.2,1023.2,1023.3,0,0,0,0,0,0,0,0,0,0,0,0,400.85,461.6,466,-29999,-29999,-29999
9-Jul,0.28,9/07/2021 9:41,0.72,7.62,15.91,6.78,74.33,0.22,19.56,1.17,253.33,2.16,169,50,9-Jul,9/07/2021,0,2,353,0.1,0.4,1.8,16.3,16.3,16.3,91,91,91.3,1015.1,1015.2,1015.3,0,0,0.01,0,0,10,0,0,1.8,0,0,0,66.75,102.9,113.6,-29999,-29999,-29999
12-Jul,0.26,12/07/2021 9:41,1.14,7.56,12.4,7.88,74.31,0.22,19.95,0.81,210.2,2.22,181,31,12-Jul,12/07/2021,6,248,351,0.2,0.8,2.8,15.3,16.2,16.2,63.8,63.8,66.4,1023,1023,1023,0,0,0,0,0,0,0,0,0,0,0,0,243,569.7,634.2,-29999,-29999,-29999
14-Jul,0.29,14/07/2021 9:41,1.4,7.5,14.84,7.17,77.83,0.22,20.98,1.21,193.09,2.23,189,42,14-Jul,14/07/2021,2,141,343,0,0.7,1.5,16.3,16.6,16.6,73.2,76,76.1,1020.3,1020.3,1020.4,0,0,0,0,0,0,0,0,0,0,0,0,137.75,377.45,639.15,-29999,-29999,-29999
16-Jul,0.35,16/07/2021 9:41,1.77,7.51,18.45,6.95,84.31,0.21,19.7,2.15,185.85,2.24,182,21,16-Jul,16/07/2021,0,346,355,0.1,2.3,4.1,23.6,23.8,23.9,64.3,64.8,65.8,1006.2,1006.2,1006.2,0,0,0,0,0,0,0,0,0,0,0,0,271.75,489.9,688.55,-29999,-29999,-29999
19-Jul,0.45,19/07/2021 9:36,2.18,7.65,10.27,9.11,97.98,0.18,19.93,0.89,137.4,2.43,276,45,19-Jul,19/07/2021,15,298,358,0.1,0.5,2.2,14.4,15.2,15.2,54.3,54.4,58.8,1019.1,1019.2,1019.3,0,0,0,0,0,0,0,0,0,0,0,0,253.75,504.45,506.2,-29999,-29999,-29999
21-Jul,0.5,21/07/2021 9:31,2.47,7.59,10.21,8.38,89.1,0.23,20.77,1.03,119.97,2.48,236,55,21-Jul,21/07/2021,222,287,317,1.6,2.9,8.1,13.4,13.7,13.7,48.9,49,50.2,1012.8,1012.9,1013.1,0,0,0,0,0,0,0,0,0,0,0,0,353.4,510.15,518.7,-29999,-29999,-29999
23-Jul,0.5,23/07/2021 9:43,2.64,7.6,12.07,8.83,80.95,0.23,20.77,1.52,129.58,2.48,280,59,23-Jul,23/07/2021,35,89,128,0.4,2.6,2.9,14.2,14.9,14.9,67.6,67.6,71.6,1015.4,1015.4,1015.6,0,0,0,0,0,0,0,0,0,0,0,0,208.9,561.1,773,-29999,-29999,-29999
26-Jul,0.53,26/07/2021 9:43,3.55,7.64,9.69,10.29,94.47,0.23,19.73,1.26,116.06,2.54,299,33,26-Jul,26/07/2021,9,232,340,0.2,2.4,3.1,15.9,16.4,16.4,36.7,37.3,38.9,1020.9,1020.9,1021.2,0,0,0,0,0,0,0,0,0,0,0,0,334.5,518.4,526.6,-29999,-29999,-29999
28-Jul,0.51,28/07/2021 9:43,3.11,7.66,13.95,9.62,91.79,0.25,20.19,2.17,129.13,2.59,299,44,28-Jul,28/07/2021,16,97,114,0.2,0.7,2.2,16.6,17.5,17.5,69.1,69.2,71.9,1018.9,1018.9,1019,0,0,0,0,0,0,0,0,0,0,0,0,287,566.4,578.7,-29999,-29999,-29999
30-Jul,0.55,30/07/2021 9:43,3.84,7.45,12.65,9.29,94.16,0.25,21.67,2.27,117.6,2.64,262,41,30-Jul,30/07/2021,2,55,356,0.1,1.1,2.6,18,18,18.2,41.5,42.3,43.3,1021.4,1021.5,1021.5,0,0,0,0,0,0,0,0,0,0,0,0,503.75,543.7,549.45,-29999,-29999,-29999
